question_id,source_row_index,dataset_original_split,project_split,source_model,response_index,expanded_sample_id,faithfulness_label,response_present,missing_reason,split_seed,n_hallucinations
1292,2,train,validation,Llama-2-7b-chat-hf,0,case_847b2f0410c90adb,0,True,,42,1
1292,2,train,validation,Llama-3.1-8B-Instruct,1,case_166710e6b83bf8de,1,True,,42,0
1292,2,train,validation,Mistral-7B-Instruct-v0.1,2,case_eb87b08846aa0bfa,0,True,,42,1
1292,2,train,validation,Mistral-7B-Instruct-v0.3,3,case_281ac3287d66ae69,1,True,,42,0
1292,3,train,validation,Llama-2-7b-chat-hf,0,case_9ef470e7c879fc6d,1,True,,42,0
1292,3,train,validation,Llama-3.1-8B-Instruct,1,case_1119936657b761a4,1,True,,42,0
1292,3,train,validation,Mistral-7B-Instruct-v0.1,2,case_d0d1b805ebfe22b8,0,True,,42,1
1292,3,train,validation,Mistral-7B-Instruct-v0.3,3,case_aef3065f476e65d8,1,True,,42,0
1927,30,train,validation,Llama-2-7b-chat-hf,0,case_69047a41bc51029e,1,True,,42,0
1927,30,train,validation,Llama-3.1-8B-Instruct,1,case_6deffd03b43b41f4,1,True,,42,0
1927,30,train,validation,Mistral-7B-Instruct-v0.1,2,case_498a1d24f8680daf,1,True,,42,0
1927,30,train,validation,Mistral-7B-Instruct-v0.3,3,case_743dcc45d036bde2,1,True,,42,0
1927,31,train,validation,Llama-2-7b-chat-hf,0,case_5633bf9d118a1b37,1,True,,42,0
1927,31,train,validation,Llama-3.1-8B-Instruct,1,case_84d5900073e77b59,1,True,,42,0
1927,31,train,validation,Mistral-7B-Instruct-v0.1,2,case_8c063b3741a6cebe,1,True,,42,0
1927,31,train,validation,Mistral-7B-Instruct-v0.3,3,case_83272682565c9fe9,1,True,,42,0
1376,34,train,validation,Llama-2-7b-chat-hf,0,case_ef0ca5f9d303f405,1,True,,42,0
1376,34,train,validation,Llama-3.1-8B-Instruct,1,case_8225c7e33139ca07,1,True,,42,0
1376,34,train,validation,Mistral-7B-Instruct-v0.1,2,case_d4ec80e41466cfd4,1,True,,42,0
1376,34,train,validation,Mistral-7B-Instruct-v0.3,3,case_221c0283d11cdb86,1,True,,42,0
1376,35,train,validation,Llama-2-7b-chat-hf,0,case_c01910c1185666bb,0,True,,42,1
1376,35,train,validation,Llama-3.1-8B-Instruct,1,case_623db5be7d665e7c,1,True,,42,0
1376,35,train,validation,Mistral-7B-Instruct-v0.1,2,case_4d91cf1086c110f5,0,True,,42,1
1376,35,train,validation,Mistral-7B-Instruct-v0.3,3,case_f67a4afa0f1e247c,0,True,,42,1
161,45,train,validation,Llama-2-7b-chat-hf,0,case_9e43b907a4912558,0,True,,42,1
161,45,train,validation,Llama-3.1-8B-Instruct,1,case_df084f80c1fff04b,1,True,,42,0
161,45,train,validation,Mistral-7B-Instruct-v0.1,2,case_97029728b55164d3,0,True,,42,1
161,45,train,validation,Mistral-7B-Instruct-v0.3,3,case_7ef32860078ee719,1,True,,42,0
161,46,train,validation,Llama-2-7b-chat-hf,0,case_36c81465eb391078,0,True,,42,1
161,46,train,validation,Llama-3.1-8B-Instruct,1,case_ca1e2cdecf11ad85,0,True,,42,3
161,46,train,validation,Mistral-7B-Instruct-v0.1,2,case_a0afee8af2af7df3,0,True,,42,1
161,46,train,validation,Mistral-7B-Instruct-v0.3,3,case_2f2eaf01131d450b,0,True,,42,3
777,53,train,validation,Llama-2-7b-chat-hf,0,case_fece88dcf30bf934,1,True,,42,0
777,53,train,validation,Llama-3.1-8B-Instruct,1,case_70712bc59b50ad4c,1,True,,42,0
777,53,train,validation,Mistral-7B-Instruct-v0.1,2,case_76a70ed339ffc9b1,1,True,,42,0
777,53,train,validation,Mistral-7B-Instruct-v0.3,3,case_70272313bb74eab2,1,True,,42,0
777,54,train,validation,Llama-2-7b-chat-hf,0,case_67a01bb598961105,0,True,,42,1
777,54,train,validation,Llama-3.1-8B-Instruct,1,case_9c00b65e65a52564,1,True,,42,0
777,54,train,validation,Mistral-7B-Instruct-v0.1,2,case_ddbd745e63523065,0,True,,42,1
777,54,train,validation,Mistral-7B-Instruct-v0.3,3,case_b85811abbc8a37eb,0,True,,42,1
1613,63,train,validation,Llama-2-7b-chat-hf,0,case_4ab935864ca52dc2,1,True,,42,0
1613,63,train,validation,Llama-3.1-8B-Instruct,1,case_21e4deaaf85d4346,1,True,,42,0
1613,63,train,validation,Mistral-7B-Instruct-v0.1,2,case_81733d1df3501402,1,True,,42,0
1613,63,train,validation,Mistral-7B-Instruct-v0.3,3,case_f9813071770d2034,1,True,,42,0
1613,64,train,validation,Llama-2-7b-chat-hf,0,case_682dc971d29c0877,1,True,,42,0
1613,64,train,validation,Llama-3.1-8B-Instruct,1,case_5fb1423b30265ce4,1,True,,42,0
1613,64,train,validation,Mistral-7B-Instruct-v0.1,2,case_9691208a53248312,0,True,,42,1
1613,64,train,validation,Mistral-7B-Instruct-v0.3,3,case_28b0a8d9a208af67,0,True,,42,1
922,73,train,validation,Llama-2-7b-chat-hf,0,case_eeb0bb9183739878,0,True,,42,1
922,73,train,validation,Llama-3.1-8B-Instruct,1,case_83e66700189c3760,1,True,,42,0
922,73,train,validation,Mistral-7B-Instruct-v0.1,2,case_617d9fb2c49b7eea,0,True,,42,1
922,73,train,validation,Mistral-7B-Instruct-v0.3,3,case_6df6ca17bd0b756f,1,True,,42,0
922,74,train,validation,Llama-2-7b-chat-hf,0,case_e3606401fd21f8ee,0,True,,42,2
922,74,train,validation,Llama-3.1-8B-Instruct,1,case_3d5f8ec2e6792b2c,0,True,,42,1
922,74,train,validation,Mistral-7B-Instruct-v0.1,2,case_c609c69fb4b6abc3,1,True,,42,0
922,74,train,validation,Mistral-7B-Instruct-v0.3,3,case_e99c25a4718b145f,1,True,,42,0
782,95,train,validation,Llama-2-7b-chat-hf,0,case_d4b42de029491a0c,0,True,,42,2
782,95,train,validation,Llama-3.1-8B-Instruct,1,case_461f254b387a8927,1,True,,42,0
782,95,train,validation,Mistral-7B-Instruct-v0.1,2,case_ea83519c1fccfc4d,1,True,,42,0
782,95,train,validation,Mistral-7B-Instruct-v0.3,3,case_4c6a3fe489cc139b,1,True,,42,0
1472,102,train,validation,Llama-2-7b-chat-hf,0,case_85a2223aaf637e83,0,True,,42,5
1472,102,train,validation,Llama-3.1-8B-Instruct,1,case_931ce58404b0a116,0,True,,42,3
1472,102,train,validation,Mistral-7B-Instruct-v0.1,2,case_ade15bb3e8d96b11,0,True,,42,1
1472,102,train,validation,Mistral-7B-Instruct-v0.3,3,case_3ee348387a0eb6a4,1,True,,42,0
1472,103,train,validation,Llama-2-7b-chat-hf,0,case_65402ed3878a06cf,0,True,,42,5
1472,103,train,validation,Llama-3.1-8B-Instruct,1,case_9de24c9ddd2df173,1,True,,42,0
1472,103,train,validation,Mistral-7B-Instruct-v0.1,2,case_3a854c3bc9d911da,1,True,,42,0
1472,103,train,validation,Mistral-7B-Instruct-v0.3,3,case_1fc265a6a15e2741,1,True,,42,0
2000,147,train,validation,Llama-2-7b-chat-hf,0,case_e963f5b1ce54b714,0,True,,42,1
2000,147,train,validation,Llama-3.1-8B-Instruct,1,case_69b3d4f8e2e48f64,1,True,,42,0
2000,147,train,validation,Mistral-7B-Instruct-v0.1,2,case_03a7b92326ccdff2,0,True,,42,1
2000,147,train,validation,Mistral-7B-Instruct-v0.3,3,case_1727641ca3b2c3c0,0,True,,42,2
2000,148,train,validation,Llama-2-7b-chat-hf,0,case_69dd4b8a210a9bee,1,True,,42,0
2000,148,train,validation,Llama-3.1-8B-Instruct,1,case_61032a75e38f5e0a,1,True,,42,0
2000,148,train,validation,Mistral-7B-Instruct-v0.1,2,case_b6240c527e67be55,1,True,,42,0
2000,148,train,validation,Mistral-7B-Instruct-v0.3,3,case_86b89b7ab3a11987,1,True,,42,0
713,163,train,validation,Llama-2-7b-chat-hf,0,case_f69b378ecc6ff2d4,1,True,,42,0
713,163,train,validation,Llama-3.1-8B-Instruct,1,case_f66a6f87c47242a5,1,True,,42,0
713,163,train,validation,Mistral-7B-Instruct-v0.1,2,case_8e3ab848cf7b2d0a,1,True,,42,0
713,163,train,validation,Mistral-7B-Instruct-v0.3,3,case_5bcf5d983703c1ac,1,True,,42,0
713,164,train,validation,Llama-2-7b-chat-hf,0,case_917b9d78ebff977e,0,True,,42,2
713,164,train,validation,Llama-3.1-8B-Instruct,1,case_20cd5580a1cdea08,1,True,,42,0
713,164,train,validation,Mistral-7B-Instruct-v0.1,2,case_c1d9f9bb3b430eec,0,True,,42,1
713,164,train,validation,Mistral-7B-Instruct-v0.3,3,case_cfddd1c95cdd6a41,1,True,,42,0
265,165,train,validation,Llama-2-7b-chat-hf,0,case_c459f5cad6e02a7d,0,True,,42,1
265,165,train,validation,Llama-3.1-8B-Instruct,1,case_7e7cacde440bfb31,1,True,,42,0
265,165,train,validation,Mistral-7B-Instruct-v0.1,2,case_e0ee82a8a5055ebe,0,True,,42,1
265,165,train,validation,Mistral-7B-Instruct-v0.3,3,case_c1c0859f45fb5d37,1,True,,42,0
265,166,train,validation,Llama-2-7b-chat-hf,0,case_35fd8510febf9948,1,True,,42,0
265,166,train,validation,Llama-3.1-8B-Instruct,1,case_88f272159e073fc7,1,True,,42,0
265,166,train,validation,Mistral-7B-Instruct-v0.1,2,case_7c63845acc813930,1,True,,42,0
265,166,train,validation,Mistral-7B-Instruct-v0.3,3,case_58347982de35b198,1,True,,42,0
1193,178,train,validation,Llama-2-7b-chat-hf,0,case_28387ac80c144ca7,1,True,,42,0
1193,178,train,validation,Llama-3.1-8B-Instruct,1,case_583e18ddf432007d,1,True,,42,0
1193,178,train,validation,Mistral-7B-Instruct-v0.1,2,case_5eeb84b065bdd669,1,True,,42,0
1193,178,train,validation,Mistral-7B-Instruct-v0.3,3,case_eb8973a08811461e,1,True,,42,0
1193,179,train,validation,Llama-2-7b-chat-hf,0,case_81b22de381d8e06d,0,True,,42,1
1193,179,train,validation,Llama-3.1-8B-Instruct,1,case_5ae2f46bfb02f96e,1,True,,42,0
1193,179,train,validation,Mistral-7B-Instruct-v0.1,2,case_cc800c1963806ad4,0,True,,42,1
1193,179,train,validation,Mistral-7B-Instruct-v0.3,3,case_32395967df45e2fd,0,True,,42,1
798,213,train,validation,Llama-2-7b-chat-hf,0,case_931bb70a0ec3243e,1,True,,42,0
798,213,train,validation,Llama-3.1-8B-Instruct,1,case_fce8cdd170217148,1,True,,42,0
798,213,train,validation,Mistral-7B-Instruct-v0.1,2,case_3a21fac71a74ee94,1,True,,42,0
798,213,train,validation,Mistral-7B-Instruct-v0.3,3,case_8d55ae1a4f882cc6,1,True,,42,0
798,214,train,validation,Llama-2-7b-chat-hf,0,case_882556837b3bafe6,0,True,,42,2
798,214,train,validation,Llama-3.1-8B-Instruct,1,case_c99e3f266296e48a,1,True,,42,0
798,214,train,validation,Mistral-7B-Instruct-v0.1,2,case_5e4b359e5eafd067,0,True,,42,1
798,214,train,validation,Mistral-7B-Instruct-v0.3,3,case_8da5bbf1588380e8,1,True,,42,0
1971,291,train,validation,Llama-2-7b-chat-hf,0,case_25fe4c151ac92ee0,1,True,,42,0
1971,291,train,validation,Llama-3.1-8B-Instruct,1,case_308e06d8f5370c9a,1,True,,42,0
1971,291,train,validation,Mistral-7B-Instruct-v0.1,2,case_3bdb11de91e544cf,1,True,,42,0
1971,291,train,validation,Mistral-7B-Instruct-v0.3,3,case_ef8b3a65d3f8c46d,1,True,,42,0
1971,292,train,validation,Llama-2-7b-chat-hf,0,case_e98cf951b65838c9,1,True,,42,0
1971,292,train,validation,Llama-3.1-8B-Instruct,1,case_9ac1180e41e3a376,1,True,,42,0
1971,292,train,validation,Mistral-7B-Instruct-v0.1,2,case_115a5fd781bc1b64,1,True,,42,0
1971,292,train,validation,Mistral-7B-Instruct-v0.3,3,case_cde13090892edd0c,1,True,,42,0
1182,293,train,validation,Llama-2-7b-chat-hf,0,case_7993b5b835f04fa8,0,True,,42,1
1182,293,train,validation,Llama-3.1-8B-Instruct,1,case_ee09f51798009c1a,1,True,,42,0
1182,293,train,validation,Mistral-7B-Instruct-v0.1,2,case_2ae0a6d2df400892,1,True,,42,0
1182,293,train,validation,Mistral-7B-Instruct-v0.3,3,case_f4afa70cda216c67,1,True,,42,0
1182,294,train,validation,Llama-2-7b-chat-hf,0,case_963947199a1421d3,0,True,,42,1
1182,294,train,validation,Llama-3.1-8B-Instruct,1,case_cb18310373e9c0ad,1,True,,42,0
1182,294,train,validation,Mistral-7B-Instruct-v0.1,2,case_86623cd587ed3fb5,0,True,,42,1
1182,294,train,validation,Mistral-7B-Instruct-v0.3,3,case_8826d3c403c22d6b,1,True,,42,0
389,307,train,validation,Llama-2-7b-chat-hf,0,case_4de1bc51460b0d0b,1,True,,42,0
389,307,train,validation,Llama-3.1-8B-Instruct,1,case_0daed5da1bf844c0,1,True,,42,0
389,307,train,validation,Mistral-7B-Instruct-v0.1,2,case_7fe5f3045b067371,0,True,,42,1
389,307,train,validation,Mistral-7B-Instruct-v0.3,3,case_abb75320bc9b8527,1,True,,42,0
389,308,train,validation,Llama-2-7b-chat-hf,0,case_e49c18870c30230c,0,True,,42,1
389,308,train,validation,Llama-3.1-8B-Instruct,1,case_c8a58690e0a25295,1,True,,42,0
389,308,train,validation,Mistral-7B-Instruct-v0.1,2,case_001e28d1be88fb73,1,True,,42,0
389,308,train,validation,Mistral-7B-Instruct-v0.3,3,case_ca1eff965e6dc10b,1,True,,42,0
81,347,train,validation,Llama-2-7b-chat-hf,0,case_cf5254931bcc41a2,1,True,,42,0
81,347,train,validation,Llama-3.1-8B-Instruct,1,case_c15272d02a6af1e1,1,True,,42,0
81,347,train,validation,Mistral-7B-Instruct-v0.1,2,case_d5ab94995b27f6b0,1,True,,42,0
81,347,train,validation,Mistral-7B-Instruct-v0.3,3,case_368c6c35e7bbeec6,1,True,,42,0
81,348,train,validation,Llama-2-7b-chat-hf,0,case_f499e99003752778,0,True,,42,2
81,348,train,validation,Llama-3.1-8B-Instruct,1,case_18ff03052733ba26,1,True,,42,0
81,348,train,validation,Mistral-7B-Instruct-v0.1,2,case_5786ecac33ee87af,1,True,,42,0
81,348,train,validation,Mistral-7B-Instruct-v0.3,3,case_85585f75fb1ffd4a,1,True,,42,0
473,359,train,validation,Llama-2-7b-chat-hf,0,case_c3af00297e7aab7f,1,True,,42,0
473,359,train,validation,Llama-3.1-8B-Instruct,1,case_df83db497c33c371,1,True,,42,0
473,359,train,validation,Mistral-7B-Instruct-v0.1,2,case_e95835c8606d2f77,1,True,,42,0
473,359,train,validation,Mistral-7B-Instruct-v0.3,3,case_d42a4cbde25d5e92,1,True,,42,0
473,360,train,validation,Llama-2-7b-chat-hf,0,case_11c3f394c1c5101c,0,True,,42,1
473,360,train,validation,Llama-3.1-8B-Instruct,1,case_d6b954bb4e786f43,1,True,,42,0
473,360,train,validation,Mistral-7B-Instruct-v0.1,2,case_2f83e7f2e098f301,1,True,,42,0
473,360,train,validation,Mistral-7B-Instruct-v0.3,3,case_cee425c4cb198c42,1,True,,42,0
43,361,train,validation,Llama-2-7b-chat-hf,0,case_69c687a28b19eda5,0,True,,42,1
43,361,train,validation,Llama-3.1-8B-Instruct,1,case_59a3d3a0822bc743,1,True,,42,0
43,361,train,validation,Mistral-7B-Instruct-v0.1,2,case_63b3f7239234ce63,1,True,,42,0
43,361,train,validation,Mistral-7B-Instruct-v0.3,3,case_467afc21f69534a3,1,True,,42,0
43,362,train,validation,Llama-2-7b-chat-hf,0,case_68b6ec8555670ea4,0,True,,42,3
43,362,train,validation,Llama-3.1-8B-Instruct,1,case_0aa37fc19e8f6236,1,True,,42,0
43,362,train,validation,Mistral-7B-Instruct-v0.1,2,case_cf971dc42a2de44a,1,True,,42,0
43,362,train,validation,Mistral-7B-Instruct-v0.3,3,case_31e65789a3278de3,1,True,,42,0
1238,371,train,validation,Llama-2-7b-chat-hf,0,case_8dbf2053170fc86d,0,True,,42,1
1238,371,train,validation,Llama-3.1-8B-Instruct,1,case_301065d0e87d8d9d,1,True,,42,0
1238,371,train,validation,Mistral-7B-Instruct-v0.1,2,case_882aabfbcd732d77,0,True,,42,1
1238,371,train,validation,Mistral-7B-Instruct-v0.3,3,case_849162477d5664f7,1,True,,42,0
1238,372,train,validation,Llama-2-7b-chat-hf,0,case_978f9b91cd52eb3a,0,True,,42,1
1238,372,train,validation,Llama-3.1-8B-Instruct,1,case_cc6ab49727cce0ce,1,True,,42,0
1238,372,train,validation,Mistral-7B-Instruct-v0.1,2,case_7b024805f8306261,1,True,,42,0
1238,372,train,validation,Mistral-7B-Instruct-v0.3,3,case_a7be69fb82d22943,1,True,,42,0
569,389,train,validation,Llama-2-7b-chat-hf,0,case_e836e6c22e3a5492,1,True,,42,0
569,389,train,validation,Llama-3.1-8B-Instruct,1,case_7ca47a7bff294931,1,True,,42,0
569,389,train,validation,Mistral-7B-Instruct-v0.1,2,case_983f33fcb246d3c7,1,True,,42,0
569,389,train,validation,Mistral-7B-Instruct-v0.3,3,case_a77946dba56c3479,1,True,,42,0
569,390,train,validation,Llama-2-7b-chat-hf,0,case_d8328da065c32022,0,True,,42,1
569,390,train,validation,Llama-3.1-8B-Instruct,1,case_a8329f5f72a717cc,1,True,,42,0
569,390,train,validation,Mistral-7B-Instruct-v0.1,2,case_b36eb54dc04a8748,1,True,,42,0
569,390,train,validation,Mistral-7B-Instruct-v0.3,3,case_cf2f6bc0b86ecdb7,1,True,,42,0
514,393,train,validation,Llama-2-7b-chat-hf,0,case_5d9de54cbc357c6d,1,True,,42,0
514,393,train,validation,Llama-3.1-8B-Instruct,1,case_b51d54ab8ef5044b,1,True,,42,0
514,393,train,validation,Mistral-7B-Instruct-v0.1,2,case_d3d24088eddd0a12,0,True,,42,1
514,393,train,validation,Mistral-7B-Instruct-v0.3,3,case_3f4179ba9bd3feb8,1,True,,42,0
514,394,train,validation,Llama-2-7b-chat-hf,0,case_a8bcd37da9d1f5e8,0,True,,42,2
514,394,train,validation,Llama-3.1-8B-Instruct,1,case_782b452f710c5c2d,0,True,,42,1
514,394,train,validation,Mistral-7B-Instruct-v0.1,2,case_ca81383b5f6c25eb,0,True,,42,1
514,394,train,validation,Mistral-7B-Instruct-v0.3,3,case_f2f736761c5f3c73,1,True,,42,0
1579,395,train,validation,Llama-2-7b-chat-hf,0,case_04fc4ceee4afc5e4,0,True,,42,1
1579,395,train,validation,Llama-3.1-8B-Instruct,1,case_5e0516819de71143,1,True,,42,0
1579,395,train,validation,Mistral-7B-Instruct-v0.1,2,case_d6f92cab0ee2a0ac,1,True,,42,0
1579,395,train,validation,Mistral-7B-Instruct-v0.3,3,case_2fa5ec7b8035fda9,1,True,,42,0
1579,396,train,validation,Llama-2-7b-chat-hf,0,case_59a86348e9969eda,0,True,,42,1
1579,396,train,validation,Llama-3.1-8B-Instruct,1,case_0b8845d642b45210,1,True,,42,0
1579,396,train,validation,Mistral-7B-Instruct-v0.1,2,case_56713333bbe79a07,0,True,,42,1
1579,396,train,validation,Mistral-7B-Instruct-v0.3,3,case_79231e4c8373aa81,1,True,,42,0
39,397,train,validation,Llama-2-7b-chat-hf,0,case_9742522bfe1123bf,1,True,,42,0
39,397,train,validation,Llama-3.1-8B-Instruct,1,case_ce0368cd9ec806a1,1,True,,42,0
39,397,train,validation,Mistral-7B-Instruct-v0.1,2,case_a8b1c3e810f9eaef,1,True,,42,0
39,397,train,validation,Mistral-7B-Instruct-v0.3,3,case_d81c4946ddbf22a4,1,True,,42,0
39,398,train,validation,Llama-2-7b-chat-hf,0,case_28dc3953aa477a6f,0,True,,42,1
39,398,train,validation,Llama-3.1-8B-Instruct,1,case_b6374ee37dab21c8,1,True,,42,0
39,398,train,validation,Mistral-7B-Instruct-v0.1,2,case_003adf66a243f578,1,True,,42,0
39,398,train,validation,Mistral-7B-Instruct-v0.3,3,case_add2c08af9ce343a,1,True,,42,0
198,435,train,validation,Llama-2-7b-chat-hf,0,case_15585ffde362b708,1,True,,42,0
198,435,train,validation,Llama-3.1-8B-Instruct,1,case_9cac95f767456b66,1,True,,42,0
198,435,train,validation,Mistral-7B-Instruct-v0.1,2,case_1f3b35f8f2e030a2,1,True,,42,0
198,435,train,validation,Mistral-7B-Instruct-v0.3,3,case_cd85102965f0567e,1,True,,42,0
198,436,train,validation,Llama-2-7b-chat-hf,0,case_d082f38f2d9d2797,0,True,,42,5
198,436,train,validation,Llama-3.1-8B-Instruct,1,case_5f7cd93b7501ea33,1,True,,42,0
198,436,train,validation,Mistral-7B-Instruct-v0.1,2,case_c2653231efdff71b,0,True,,42,1
198,436,train,validation,Mistral-7B-Instruct-v0.3,3,case_758a20cd7e87deb5,0,True,,42,3
1374,456,train,validation,Llama-2-7b-chat-hf,0,case_60f9978dc5ab7eb9,1,True,,42,0
1374,456,train,validation,Llama-3.1-8B-Instruct,1,case_f3adaaf3de3aa009,1,True,,42,0
1374,456,train,validation,Mistral-7B-Instruct-v0.1,2,case_f64213279c23d8c3,0,True,,42,1
1374,456,train,validation,Mistral-7B-Instruct-v0.3,3,case_dce7a646c6f5cbf1,1,True,,42,0
1374,457,train,validation,Llama-2-7b-chat-hf,0,case_38e70536c7c42fe6,0,True,,42,1
1374,457,train,validation,Llama-3.1-8B-Instruct,1,case_950d94f44bdf7273,1,True,,42,0
1374,457,train,validation,Mistral-7B-Instruct-v0.1,2,case_0edb51f942baa712,0,True,,42,1
1374,457,train,validation,Mistral-7B-Instruct-v0.3,3,case_da1c8c6b252c0bce,0,True,,42,1
613,490,train,validation,Llama-2-7b-chat-hf,0,case_253340656b885f0f,0,True,,42,1
613,490,train,validation,Llama-3.1-8B-Instruct,1,case_2c48c94683db8e58,1,True,,42,0
613,490,train,validation,Mistral-7B-Instruct-v0.1,2,case_40cf099a7097e9b3,1,True,,42,0
613,490,train,validation,Mistral-7B-Instruct-v0.3,3,case_01263e6db6e2af3d,1,True,,42,0
613,491,train,validation,Llama-2-7b-chat-hf,0,case_f8a7663edba4ee5c,1,True,,42,0
613,491,train,validation,Llama-3.1-8B-Instruct,1,case_e7ddf9005d1495c8,1,True,,42,0
613,491,train,validation,Mistral-7B-Instruct-v0.1,2,case_b6d544f060beec12,1,True,,42,0
613,491,train,validation,Mistral-7B-Instruct-v0.3,3,case_af108be41f20923e,1,True,,42,0
994,494,train,validation,Llama-2-7b-chat-hf,0,case_774f6a6350c5c9e9,1,True,,42,0
994,494,train,validation,Llama-3.1-8B-Instruct,1,case_f32f62277268336b,1,True,,42,0
994,494,train,validation,Mistral-7B-Instruct-v0.1,2,case_85428862e7b5be0e,1,True,,42,0
994,494,train,validation,Mistral-7B-Instruct-v0.3,3,case_1d543e475993bc4b,1,True,,42,0
994,495,train,validation,Llama-2-7b-chat-hf,0,case_1fd32a6041cc5166,0,True,,42,2
994,495,train,validation,Llama-3.1-8B-Instruct,1,case_d75e9f610c9484aa,1,True,,42,0
994,495,train,validation,Mistral-7B-Instruct-v0.1,2,case_dae3a2b7c05032c5,1,True,,42,0
994,495,train,validation,Mistral-7B-Instruct-v0.3,3,case_5263a3b96d20c958,1,True,,42,0
181,504,train,validation,Llama-2-7b-chat-hf,0,case_f4ab87705e03cfa2,1,True,,42,0
181,504,train,validation,Llama-3.1-8B-Instruct,1,case_576be8aa402f1f4e,1,True,,42,0
181,504,train,validation,Mistral-7B-Instruct-v0.1,2,case_a6729ca98ff50856,1,True,,42,0
181,504,train,validation,Mistral-7B-Instruct-v0.3,3,case_fe70cae1648789d8,1,True,,42,0
181,505,train,validation,Llama-2-7b-chat-hf,0,case_eea823af43ac469e,0,True,,42,5
181,505,train,validation,Llama-3.1-8B-Instruct,1,case_92bf68c879e5ddcf,1,True,,42,0
181,505,train,validation,Mistral-7B-Instruct-v0.1,2,case_fe668f04f2e1db69,1,True,,42,0
181,505,train,validation,Mistral-7B-Instruct-v0.3,3,case_1b35d0fff5ebc1cc,1,True,,42,0
1673,569,train,validation,Llama-2-7b-chat-hf,0,case_b2c30e9d2ef8f821,0,True,,42,1
1673,569,train,validation,Llama-3.1-8B-Instruct,1,case_45d807d09e31ad6d,1,True,,42,0
1673,569,train,validation,Mistral-7B-Instruct-v0.1,2,case_e4b07cd9b0ed38eb,0,True,,42,1
1673,569,train,validation,Mistral-7B-Instruct-v0.3,3,case_d2a8352b1d70d974,0,True,,42,2
1673,570,train,validation,Llama-2-7b-chat-hf,0,case_a6179bf15b10d556,0,True,,42,1
1673,570,train,validation,Llama-3.1-8B-Instruct,1,case_390e29d13fa61b83,0,True,,42,1
1673,570,train,validation,Mistral-7B-Instruct-v0.1,2,case_37c110668bad505e,0,True,,42,1
1673,570,train,validation,Mistral-7B-Instruct-v0.3,3,case_58fa9b1907575d04,1,True,,42,0
468,577,train,validation,Llama-2-7b-chat-hf,0,case_3b0be0e5f0a0cfc2,1,True,,42,0
468,577,train,validation,Llama-3.1-8B-Instruct,1,case_d46da27a64cbe41d,1,True,,42,0
468,577,train,validation,Mistral-7B-Instruct-v0.1,2,case_d2084d7e13570e09,1,True,,42,0
468,577,train,validation,Mistral-7B-Instruct-v0.3,3,case_b9499a11c9fb2a6b,1,True,,42,0
468,578,train,validation,Llama-2-7b-chat-hf,0,case_3adae3d6ec270692,1,True,,42,0
468,578,train,validation,Llama-3.1-8B-Instruct,1,case_5bdb8d59e121d02f,1,True,,42,0
468,578,train,validation,Mistral-7B-Instruct-v0.1,2,case_5f5fc78bc570cc0d,0,True,,42,1
468,578,train,validation,Mistral-7B-Instruct-v0.3,3,case_a6ab05b8f230927a,1,True,,42,0
144,593,train,validation,Llama-2-7b-chat-hf,0,case_eb7f2715c131276c,1,True,,42,0
144,593,train,validation,Llama-3.1-8B-Instruct,1,case_f3f57ff06c60cce5,1,True,,42,0
144,593,train,validation,Mistral-7B-Instruct-v0.1,2,case_d815620ef9e4262c,1,True,,42,0
144,593,train,validation,Mistral-7B-Instruct-v0.3,3,case_7223cd71af86f8e4,1,True,,42,0
144,594,train,validation,Llama-2-7b-chat-hf,0,case_9e65554b912e319b,0,True,,42,1
144,594,train,validation,Llama-3.1-8B-Instruct,1,case_196607919d97d275,1,True,,42,0
144,594,train,validation,Mistral-7B-Instruct-v0.1,2,case_418c8016fd223ca3,1,True,,42,0
144,594,train,validation,Mistral-7B-Instruct-v0.3,3,case_601ed37e0b841c90,1,True,,42,0
2097,595,train,validation,Llama-2-7b-chat-hf,0,case_78df033c36fbe87d,0,True,,42,1
2097,595,train,validation,Llama-3.1-8B-Instruct,1,case_c66585f39d0ca575,1,True,,42,0
2097,595,train,validation,Mistral-7B-Instruct-v0.1,2,case_84b6f8feccb4bd98,1,True,,42,0
2097,595,train,validation,Mistral-7B-Instruct-v0.3,3,case_cf1e37c98dc6359d,1,True,,42,0
2097,596,train,validation,Llama-2-7b-chat-hf,0,case_59e6b36193cb5369,1,True,,42,0
2097,596,train,validation,Llama-3.1-8B-Instruct,1,case_e71611101e8700e6,1,True,,42,0
2097,596,train,validation,Mistral-7B-Instruct-v0.1,2,case_04547f6a467dfe19,1,True,,42,0
2097,596,train,validation,Mistral-7B-Instruct-v0.3,3,case_9f27d9684b457080,1,True,,42,0
1766,612,train,validation,Llama-2-7b-chat-hf,0,case_23f2888657052cf0,1,True,,42,0
1766,612,train,validation,Llama-3.1-8B-Instruct,1,case_68d6b479457642f8,1,True,,42,0
1766,612,train,validation,Mistral-7B-Instruct-v0.1,2,case_ae0c4c3bf89e3a4c,0,True,,42,1
1766,612,train,validation,Mistral-7B-Instruct-v0.3,3,case_42db013c0d0c4b9e,1,True,,42,0
1766,613,train,validation,Llama-2-7b-chat-hf,0,case_5cd66dc4b1f2c806,0,True,,42,1
1766,613,train,validation,Llama-3.1-8B-Instruct,1,case_6c452923aeafd703,1,True,,42,0
1766,613,train,validation,Mistral-7B-Instruct-v0.1,2,case_e577fc8f6d07ad20,0,True,,42,1
1766,613,train,validation,Mistral-7B-Instruct-v0.3,3,case_bf755e9ed81f2be6,1,True,,42,0
1834,621,train,validation,Llama-2-7b-chat-hf,0,case_9c06a549d5954370,1,True,,42,0
1834,621,train,validation,Llama-3.1-8B-Instruct,1,case_2717734262f044e6,1,True,,42,0
1834,621,train,validation,Mistral-7B-Instruct-v0.1,2,case_d08c9eb7680cfd21,1,True,,42,0
1834,621,train,validation,Mistral-7B-Instruct-v0.3,3,case_b4c8cb963cd15d5a,1,True,,42,0
1834,622,train,validation,Llama-2-7b-chat-hf,0,case_5e7e8b646266a0c2,1,True,,42,0
1834,622,train,validation,Llama-3.1-8B-Instruct,1,case_e8be80506f074480,1,True,,42,0
1834,622,train,validation,Mistral-7B-Instruct-v0.1,2,case_7c19db16c31a001e,1,True,,42,0
1834,622,train,validation,Mistral-7B-Instruct-v0.3,3,case_b1631954a6100334,1,True,,42,0
519,628,train,validation,Llama-2-7b-chat-hf,0,case_a27a6dd11e7547ff,0,True,,42,1
519,628,train,validation,Llama-3.1-8B-Instruct,1,case_4a8072eee5277222,1,True,,42,0
519,628,train,validation,Mistral-7B-Instruct-v0.1,2,case_dd47906a153c3fbf,0,True,,42,1
519,628,train,validation,Mistral-7B-Instruct-v0.3,3,case_6ef43213956959f9,1,True,,42,0
519,629,train,validation,Llama-2-7b-chat-hf,0,case_7aba6d6443e40873,0,True,,42,1
519,629,train,validation,Llama-3.1-8B-Instruct,1,case_58d725333acc6cab,1,True,,42,0
519,629,train,validation,Mistral-7B-Instruct-v0.1,2,case_2dc473d795ef4546,0,True,,42,1
519,629,train,validation,Mistral-7B-Instruct-v0.3,3,case_9e6de624ec421db5,1,True,,42,0
1628,640,train,validation,Llama-2-7b-chat-hf,0,case_5793aef555111d1f,0,True,,42,4
1628,640,train,validation,Llama-3.1-8B-Instruct,1,case_2fa009c6e2353707,1,True,,42,0
1628,640,train,validation,Mistral-7B-Instruct-v0.1,2,case_4343e30ee453453f,0,True,,42,1
1628,640,train,validation,Mistral-7B-Instruct-v0.3,3,case_f498586fdbec6357,0,True,,42,1
1628,641,train,validation,Llama-2-7b-chat-hf,0,case_8dcbf17db5a2e310,1,True,,42,0
1628,641,train,validation,Llama-3.1-8B-Instruct,1,case_c51e7bf6fc507405,1,True,,42,0
1628,641,train,validation,Mistral-7B-Instruct-v0.1,2,case_c17565b8b5a8e53d,0,True,,42,1
1628,641,train,validation,Mistral-7B-Instruct-v0.3,3,case_d687dc92354bd87e,1,True,,42,0
945,648,train,validation,Llama-2-7b-chat-hf,0,case_d2707e7537cffd44,1,True,,42,0
945,648,train,validation,Llama-3.1-8B-Instruct,1,case_2c0668081afdaf12,1,True,,42,0
945,648,train,validation,Mistral-7B-Instruct-v0.1,2,case_2ed8c3d2e3eb9168,1,True,,42,0
945,648,train,validation,Mistral-7B-Instruct-v0.3,3,case_ea2aabbb1ff52481,1,True,,42,0
945,649,train,validation,Llama-2-7b-chat-hf,0,case_7f1cd0c25564b837,0,True,,42,1
945,649,train,validation,Llama-3.1-8B-Instruct,1,case_12ddd45dc85b2f13,1,True,,42,0
945,649,train,validation,Mistral-7B-Instruct-v0.1,2,case_0b2728901602360c,1,True,,42,0
945,649,train,validation,Mistral-7B-Instruct-v0.3,3,case_c3a5e7581d6347c1,1,True,,42,0
1639,656,train,validation,Llama-2-7b-chat-hf,0,case_7e7c0db7400d4f3e,1,True,,42,0
1639,656,train,validation,Llama-3.1-8B-Instruct,1,case_ebd84e7601f4d2f3,1,True,,42,0
1639,656,train,validation,Mistral-7B-Instruct-v0.1,2,case_2f5b415cf033dbef,1,True,,42,0
1639,656,train,validation,Mistral-7B-Instruct-v0.3,3,case_900b8ee926591dd6,1,True,,42,0
1639,657,train,validation,Llama-2-7b-chat-hf,0,case_e1d2c240a43bf8de,0,True,,42,1
1639,657,train,validation,Llama-3.1-8B-Instruct,1,case_ab8722e736aed22f,1,True,,42,0
1639,657,train,validation,Mistral-7B-Instruct-v0.1,2,case_c15d543ab7c1e1d5,1,True,,42,0
1639,657,train,validation,Mistral-7B-Instruct-v0.3,3,case_b82a79423eebdb9d,1,True,,42,0
1110,695,train,validation,Llama-2-7b-chat-hf,0,case_8e4e476e9e0aeafe,1,True,,42,0
1110,695,train,validation,Llama-3.1-8B-Instruct,1,case_d51ecf79b6bea0cd,1,True,,42,0
1110,695,train,validation,Mistral-7B-Instruct-v0.1,2,case_fe66d80c23593bac,1,True,,42,0
1110,695,train,validation,Mistral-7B-Instruct-v0.3,3,case_2fc02ec06afef824,0,True,,42,2
1110,696,train,validation,Llama-2-7b-chat-hf,0,case_7132d877e3f6e81f,0,True,,42,1
1110,696,train,validation,Llama-3.1-8B-Instruct,1,case_fca10a8f5a480f7e,1,True,,42,0
1110,696,train,validation,Mistral-7B-Instruct-v0.1,2,case_7ceeb728a4979f9b,0,True,,42,1
1110,696,train,validation,Mistral-7B-Instruct-v0.3,3,case_ce07e1edcade91c5,1,True,,42,0
1488,707,train,validation,Llama-2-7b-chat-hf,0,case_d3160d160cc95dae,1,True,,42,0
1488,707,train,validation,Llama-3.1-8B-Instruct,1,case_20c65b807b5b8e23,1,True,,42,0
1488,707,train,validation,Mistral-7B-Instruct-v0.1,2,case_aa4a3842984cffd2,1,True,,42,0
1488,707,train,validation,Mistral-7B-Instruct-v0.3,3,case_65a8c3dd7fc53b55,1,True,,42,0
1488,708,train,validation,Llama-2-7b-chat-hf,0,case_e5e6af3d5c23a3d8,0,True,,42,2
1488,708,train,validation,Llama-3.1-8B-Instruct,1,case_d44b2999995cc135,1,True,,42,0
1488,708,train,validation,Mistral-7B-Instruct-v0.1,2,case_c0ad85eed5ea8b99,0,True,,42,1
1488,708,train,validation,Mistral-7B-Instruct-v0.3,3,case_9f04478e04e35f81,1,True,,42,0
636,709,train,validation,Llama-2-7b-chat-hf,0,case_849da8bd6c279684,0,True,,42,2
636,709,train,validation,Llama-3.1-8B-Instruct,1,case_882fe0b17dc27796,1,True,,42,0
636,709,train,validation,Mistral-7B-Instruct-v0.1,2,case_6dbf50e785689b3e,1,True,,42,0
636,709,train,validation,Mistral-7B-Instruct-v0.3,3,case_34f93ab6b7f05afa,0,True,,42,1
636,710,train,validation,Llama-2-7b-chat-hf,0,case_dfde46256c51fe36,0,True,,42,1
636,710,train,validation,Llama-3.1-8B-Instruct,1,case_a48b77285439039e,1,True,,42,0
636,710,train,validation,Mistral-7B-Instruct-v0.1,2,case_e5294996491580b5,0,True,,42,1
636,710,train,validation,Mistral-7B-Instruct-v0.3,3,case_741955346b1d1080,1,True,,42,0
1511,753,train,validation,Llama-2-7b-chat-hf,0,case_9379b7c43fd3721e,0,True,,42,1
1511,753,train,validation,Llama-3.1-8B-Instruct,1,case_388814441523d988,1,True,,42,0
1511,753,train,validation,Mistral-7B-Instruct-v0.1,2,case_68635197721597bd,1,True,,42,0
1511,753,train,validation,Mistral-7B-Instruct-v0.3,3,case_5c6c706f5bec8990,1,True,,42,0
1511,754,train,validation,Llama-2-7b-chat-hf,0,case_fc50b17edee3f0f6,1,True,,42,0
1511,754,train,validation,Llama-3.1-8B-Instruct,1,case_cd6b249d4c1fe28a,1,True,,42,0
1511,754,train,validation,Mistral-7B-Instruct-v0.1,2,case_a70f4740cef829cc,1,True,,42,0
1511,754,train,validation,Mistral-7B-Instruct-v0.3,3,case_0692b680675d2839,1,True,,42,0
1466,755,train,validation,Llama-2-7b-chat-hf,0,case_e65ca946feb44555,0,True,,42,1
1466,755,train,validation,Llama-3.1-8B-Instruct,1,case_6d38e85d954c146a,1,True,,42,0
1466,755,train,validation,Mistral-7B-Instruct-v0.1,2,case_3a17d37ea21f8380,0,True,,42,1
1466,755,train,validation,Mistral-7B-Instruct-v0.3,3,case_2b4aa169788a89fe,1,True,,42,0
1466,756,train,validation,Llama-2-7b-chat-hf,0,case_71fb1b39d998c79f,0,True,,42,2
1466,756,train,validation,Llama-3.1-8B-Instruct,1,case_eaf54e0f7972606c,1,True,,42,0
1466,756,train,validation,Mistral-7B-Instruct-v0.1,2,case_b4277563104924c1,0,True,,42,2
1466,756,train,validation,Mistral-7B-Instruct-v0.3,3,case_93400a1f1d38a0c7,0,True,,42,3
479,768,train,validation,Llama-2-7b-chat-hf,0,case_ff253b8a5996cf2b,0,True,,42,1
479,768,train,validation,Llama-3.1-8B-Instruct,1,case_4ae55300486f21a7,1,True,,42,0
479,768,train,validation,Mistral-7B-Instruct-v0.1,2,case_4e60b473840fe940,1,True,,42,0
479,768,train,validation,Mistral-7B-Instruct-v0.3,3,case_284becd921fc36ee,1,True,,42,0
479,769,train,validation,Llama-2-7b-chat-hf,0,case_14224ec77873a8be,0,True,,42,1
479,769,train,validation,Llama-3.1-8B-Instruct,1,case_eb699f5e7bfe4dac,1,True,,42,0
479,769,train,validation,Mistral-7B-Instruct-v0.1,2,case_6ecbae5e58db6aa9,1,True,,42,0
479,769,train,validation,Mistral-7B-Instruct-v0.3,3,case_ac4ae0376cf72280,1,True,,42,0
447,770,train,validation,Llama-2-7b-chat-hf,0,case_01bc705f1f00bbbc,1,True,,42,0
447,770,train,validation,Llama-3.1-8B-Instruct,1,case_cbb079aca0b0c9c5,1,True,,42,0
447,770,train,validation,Mistral-7B-Instruct-v0.1,2,case_1b9282abab0daae3,1,True,,42,0
447,770,train,validation,Mistral-7B-Instruct-v0.3,3,case_c593e4fcb4449fdc,1,True,,42,0
447,771,train,validation,Llama-2-7b-chat-hf,0,case_5825c3a1cba76d88,0,True,,42,1
447,771,train,validation,Llama-3.1-8B-Instruct,1,case_419a3a38f0727eb7,1,True,,42,0
447,771,train,validation,Mistral-7B-Instruct-v0.1,2,case_11d97bb38239186a,0,True,,42,1
447,771,train,validation,Mistral-7B-Instruct-v0.3,3,case_7ec5651d6d1be8a4,1,True,,42,0
907,776,train,validation,Llama-2-7b-chat-hf,0,case_c7bd089a64d435bf,0,True,,42,1
907,776,train,validation,Llama-3.1-8B-Instruct,1,case_80e7fde2c2a8ad84,1,True,,42,0
907,776,train,validation,Mistral-7B-Instruct-v0.1,2,case_6d8a9aceda7528a8,0,True,,42,1
907,776,train,validation,Mistral-7B-Instruct-v0.3,3,case_88e7c49e2ddf3722,1,True,,42,0
907,777,train,validation,Llama-2-7b-chat-hf,0,case_0a97fd8a1374f9e4,0,True,,42,1
907,777,train,validation,Llama-3.1-8B-Instruct,1,case_ed4af05aa3196154,1,True,,42,0
907,777,train,validation,Mistral-7B-Instruct-v0.1,2,case_866fc4e603c8eb25,0,True,,42,2
907,777,train,validation,Mistral-7B-Instruct-v0.3,3,case_d07c55ca04be03a9,1,True,,42,0
1533,780,train,validation,Llama-2-7b-chat-hf,0,case_c0b3820d3aa4658c,0,True,,42,1
1533,780,train,validation,Llama-3.1-8B-Instruct,1,case_2d27d7e4bf88e04d,1,True,,42,0
1533,780,train,validation,Mistral-7B-Instruct-v0.1,2,case_e5b4b5187699636b,0,True,,42,1
1533,780,train,validation,Mistral-7B-Instruct-v0.3,3,case_1d46621f3efdb2fb,1,True,,42,0
1533,781,train,validation,Llama-2-7b-chat-hf,0,case_4b726f658f68d385,0,True,,42,1
1533,781,train,validation,Llama-3.1-8B-Instruct,1,case_7ffd644141fa0c2d,1,True,,42,0
1533,781,train,validation,Mistral-7B-Instruct-v0.1,2,case_a74095ca4cff0be6,0,True,,42,1
1533,781,train,validation,Mistral-7B-Instruct-v0.3,3,case_8b6af58bb1c057cb,0,True,,42,1
1792,786,train,validation,Llama-2-7b-chat-hf,0,case_d1377d6404d1167f,1,True,,42,0
1792,786,train,validation,Llama-3.1-8B-Instruct,1,case_204de17cdd9bae2b,1,True,,42,0
1792,786,train,validation,Mistral-7B-Instruct-v0.1,2,case_764e9207ee0c2184,1,True,,42,0
1792,786,train,validation,Mistral-7B-Instruct-v0.3,3,case_c0737c110f9a10a7,1,True,,42,0
1792,787,train,validation,Llama-2-7b-chat-hf,0,case_0bcf73b678cb1233,1,True,,42,0
1792,787,train,validation,Llama-3.1-8B-Instruct,1,case_896f30db99e8d91f,1,True,,42,0
1792,787,train,validation,Mistral-7B-Instruct-v0.1,2,case_cc6a350e8af7d45b,1,True,,42,0
1792,787,train,validation,Mistral-7B-Instruct-v0.3,3,case_d7c409c410373d34,1,True,,42,0
1008,792,train,validation,Llama-2-7b-chat-hf,0,case_5cdb0286ba94adab,0,True,,42,1
1008,792,train,validation,Llama-3.1-8B-Instruct,1,case_1044681d24c37c6a,1,True,,42,0
1008,792,train,validation,Mistral-7B-Instruct-v0.1,2,case_4adf2b759a98608b,1,True,,42,0
1008,792,train,validation,Mistral-7B-Instruct-v0.3,3,case_da6bd17b54d31138,1,True,,42,0
1008,793,train,validation,Llama-2-7b-chat-hf,0,case_1fa3851e7aa56f8e,0,True,,42,1
1008,793,train,validation,Llama-3.1-8B-Instruct,1,case_4f3f61f90d632b7d,1,True,,42,0
1008,793,train,validation,Mistral-7B-Instruct-v0.1,2,case_f59b71f84b5a70d9,0,True,,42,1
1008,793,train,validation,Mistral-7B-Instruct-v0.3,3,case_37b4b131dc2383a8,1,True,,42,0
1546,804,train,validation,Llama-2-7b-chat-hf,0,case_ec33dbe9fcd6b8dc,1,True,,42,0
1546,804,train,validation,Llama-3.1-8B-Instruct,1,case_bc87982bd0898041,1,True,,42,0
1546,804,train,validation,Mistral-7B-Instruct-v0.1,2,case_8f52cd63d5ddddcb,1,True,,42,0
1546,804,train,validation,Mistral-7B-Instruct-v0.3,3,case_96ad08c6f6e57eb0,1,True,,42,0
1546,805,train,validation,Llama-2-7b-chat-hf,0,case_38ede84ee75bda86,1,True,,42,0
1546,805,train,validation,Llama-3.1-8B-Instruct,1,case_2c0c84e2b557277a,1,True,,42,0
1546,805,train,validation,Mistral-7B-Instruct-v0.1,2,case_98b8eeff979d280e,1,True,,42,0
1546,805,train,validation,Mistral-7B-Instruct-v0.3,3,case_1759c2bc0ea5a130,1,True,,42,0
1978,810,train,validation,Llama-2-7b-chat-hf,0,case_4700e0327d4cc28d,1,True,,42,0
1978,810,train,validation,Llama-3.1-8B-Instruct,1,case_05bae6720d165b65,0,True,,42,2
1978,810,train,validation,Mistral-7B-Instruct-v0.1,2,case_5a5765664205bce8,0,True,,42,1
1978,810,train,validation,Mistral-7B-Instruct-v0.3,3,case_343b069e8d849a64,0,True,,42,1
1978,811,train,validation,Llama-2-7b-chat-hf,0,case_84c98f177230135d,1,True,,42,0
1978,811,train,validation,Llama-3.1-8B-Instruct,1,case_8cfffe6e1c68602c,1,True,,42,0
1978,811,train,validation,Mistral-7B-Instruct-v0.1,2,case_6a41cda9903b2518,0,True,,42,1
1978,811,train,validation,Mistral-7B-Instruct-v0.3,3,case_2fd7360a6de31632,1,True,,42,0
903,826,train,validation,Llama-2-7b-chat-hf,0,case_bf65f941d370d4fe,0,True,,42,1
903,826,train,validation,Llama-3.1-8B-Instruct,1,case_44f140d5d40f569e,1,True,,42,0
903,826,train,validation,Mistral-7B-Instruct-v0.1,2,case_cc2415c116f32b06,1,True,,42,0
903,826,train,validation,Mistral-7B-Instruct-v0.3,3,case_752096c728987570,1,True,,42,0
903,827,train,validation,Llama-2-7b-chat-hf,0,case_3d2fd7ca39745491,1,True,,42,0
903,827,train,validation,Llama-3.1-8B-Instruct,1,case_34441b9bbcb0f071,1,True,,42,0
903,827,train,validation,Mistral-7B-Instruct-v0.1,2,case_ff3920710fba8163,1,True,,42,0
903,827,train,validation,Mistral-7B-Instruct-v0.3,3,case_1971ed44220769b6,1,True,,42,0
2282,836,train,validation,Llama-2-7b-chat-hf,0,case_0dec417532b575d4,0,True,,42,3
2282,836,train,validation,Llama-3.1-8B-Instruct,1,case_4c2c555a85bb4955,1,True,,42,0
2282,836,train,validation,Mistral-7B-Instruct-v0.1,2,case_9415a8e86b896925,1,True,,42,0
2282,836,train,validation,Mistral-7B-Instruct-v0.3,3,case_2525d08081d6ef68,1,True,,42,0
2282,837,train,validation,Llama-2-7b-chat-hf,0,case_ec1d924df62f50ac,0,True,,42,1
2282,837,train,validation,Llama-3.1-8B-Instruct,1,case_333eaf2de1ee2e38,1,True,,42,0
2282,837,train,validation,Mistral-7B-Instruct-v0.1,2,case_483f8b97b1b1f02f,1,True,,42,0
2282,837,train,validation,Mistral-7B-Instruct-v0.3,3,case_4a09acb53e2a9e4a,0,True,,42,1
1041,838,train,validation,Llama-2-7b-chat-hf,0,case_d5187bd313e23ef3,1,True,,42,0
1041,838,train,validation,Llama-3.1-8B-Instruct,1,case_dd6095e74a52acc1,1,True,,42,0
1041,838,train,validation,Mistral-7B-Instruct-v0.1,2,case_02d181d0f4c90287,1,True,,42,0
1041,838,train,validation,Mistral-7B-Instruct-v0.3,3,case_e0c1cd9db9df7a23,1,True,,42,0
1041,839,train,validation,Llama-2-7b-chat-hf,0,case_7e7a28764dbde336,1,True,,42,0
1041,839,train,validation,Llama-3.1-8B-Instruct,1,case_44dc6b00a136d737,1,True,,42,0
1041,839,train,validation,Mistral-7B-Instruct-v0.1,2,case_6074999030a2eefe,1,True,,42,0
1041,839,train,validation,Mistral-7B-Instruct-v0.3,3,case_83b06a4ba49ae600,1,True,,42,0
1872,842,train,validation,Llama-2-7b-chat-hf,0,case_2c545d9dd9d91214,1,True,,42,0
1872,842,train,validation,Llama-3.1-8B-Instruct,1,case_1f240c00f09ec230,1,True,,42,0
1872,842,train,validation,Mistral-7B-Instruct-v0.1,2,case_6513638f9a65761c,1,True,,42,0
1872,842,train,validation,Mistral-7B-Instruct-v0.3,3,case_971bab4b144e96d6,1,True,,42,0
1409,849,train,validation,Llama-2-7b-chat-hf,0,case_146c29abb19fe017,1,True,,42,0
1409,849,train,validation,Llama-3.1-8B-Instruct,1,case_06e3b7362b0639a4,1,True,,42,0
1409,849,train,validation,Mistral-7B-Instruct-v0.1,2,case_d8a58a961b008fc5,1,True,,42,0
1409,849,train,validation,Mistral-7B-Instruct-v0.3,3,case_eeac92b14c1f99e6,1,True,,42,0
1409,850,train,validation,Llama-2-7b-chat-hf,0,case_6778a7f924c29ff5,0,True,,42,1
1409,850,train,validation,Llama-3.1-8B-Instruct,1,case_c7bb711010eb21fd,1,True,,42,0
1409,850,train,validation,Mistral-7B-Instruct-v0.1,2,case_8c446d81277a6f73,1,True,,42,0
1409,850,train,validation,Mistral-7B-Instruct-v0.3,3,case_ca6cd562b91aa34b,1,True,,42,0
1206,853,train,validation,Llama-2-7b-chat-hf,0,case_8d93042ba37ecce6,1,True,,42,0
1206,853,train,validation,Llama-3.1-8B-Instruct,1,case_7f6cba6c87f69b8f,1,True,,42,0
1206,853,train,validation,Mistral-7B-Instruct-v0.1,2,case_b4b37348a4deb6f8,1,True,,42,0
1206,853,train,validation,Mistral-7B-Instruct-v0.3,3,case_9ef3ab3113c93c68,1,True,,42,0
1206,854,train,validation,Llama-2-7b-chat-hf,0,case_b34fe6a2ff8d48d3,0,True,,42,1
1206,854,train,validation,Llama-3.1-8B-Instruct,1,case_7566bfaa1673daaa,1,True,,42,0
1206,854,train,validation,Mistral-7B-Instruct-v0.1,2,case_3abe1728ac9429d6,1,True,,42,0
1206,854,train,validation,Mistral-7B-Instruct-v0.3,3,case_23417f98a585f0ad,1,True,,42,0
1333,893,train,validation,Llama-2-7b-chat-hf,0,case_538b2d5dc4726d61,0,True,,42,1
1333,893,train,validation,Llama-3.1-8B-Instruct,1,case_734b75cedcf3168a,1,True,,42,0
1333,893,train,validation,Mistral-7B-Instruct-v0.1,2,case_54b1a4efb44d7db5,1,True,,42,0
1333,893,train,validation,Mistral-7B-Instruct-v0.3,3,case_55a15777f89d84c9,1,True,,42,0
1333,894,train,validation,Llama-2-7b-chat-hf,0,case_39ea473fcd99014f,0,True,,42,2
1333,894,train,validation,Llama-3.1-8B-Instruct,1,case_1a95902f47168260,1,True,,42,0
1333,894,train,validation,Mistral-7B-Instruct-v0.1,2,case_16608f88486c4beb,0,True,,42,1
1333,894,train,validation,Mistral-7B-Instruct-v0.3,3,case_6b248c84fcbb875f,1,True,,42,0
2266,897,train,validation,Llama-2-7b-chat-hf,0,case_d4ca8bd85e1272c1,0,True,,42,1
2266,897,train,validation,Llama-3.1-8B-Instruct,1,case_459e858bf9d34522,0,True,,42,1
2266,897,train,validation,Mistral-7B-Instruct-v0.1,2,case_360270c5b4a8f396,0,True,,42,1
2266,897,train,validation,Mistral-7B-Instruct-v0.3,3,case_4df4c9f3b5737d97,0,True,,42,3
2266,898,train,validation,Llama-2-7b-chat-hf,0,case_1530e0d32e76600f,1,True,,42,0
2266,898,train,validation,Llama-3.1-8B-Instruct,1,case_aab1c350351e0c99,1,True,,42,0
2266,898,train,validation,Mistral-7B-Instruct-v0.1,2,case_92d2789226f6455b,1,True,,42,0
2266,898,train,validation,Mistral-7B-Instruct-v0.3,3,case_48bd2199032c9daa,1,True,,42,0
1998,901,train,validation,Llama-2-7b-chat-hf,0,case_f683f8d07b6bbb39,0,True,,42,1
1998,901,train,validation,Llama-3.1-8B-Instruct,1,case_93f9b7ecbf926bbc,1,True,,42,0
1998,901,train,validation,Mistral-7B-Instruct-v0.1,2,case_4fbe43b7d4c401ea,1,True,,42,0
1998,901,train,validation,Mistral-7B-Instruct-v0.3,3,case_eadfee4accff0722,0,True,,42,1
1998,902,train,validation,Llama-2-7b-chat-hf,0,case_1e33ddd3ca27f435,0,True,,42,1
1998,902,train,validation,Llama-3.1-8B-Instruct,1,case_3e509b223878adeb,1,True,,42,0
1998,902,train,validation,Mistral-7B-Instruct-v0.1,2,case_0ced77b71e8f902e,1,True,,42,0
1998,902,train,validation,Mistral-7B-Instruct-v0.3,3,case_e7519b701239bda9,0,True,,42,1
1522,903,train,validation,Llama-2-7b-chat-hf,0,case_e6b6973e0d9e54d0,1,True,,42,0
1522,903,train,validation,Llama-3.1-8B-Instruct,1,case_3d10ee373b83466f,1,True,,42,0
1522,903,train,validation,Mistral-7B-Instruct-v0.1,2,case_17e3192c630af34d,1,True,,42,0
1522,903,train,validation,Mistral-7B-Instruct-v0.3,3,case_41c8c71865910bca,1,True,,42,0
1522,904,train,validation,Llama-2-7b-chat-hf,0,case_54a1e4a462809f24,0,True,,42,1
1522,904,train,validation,Llama-3.1-8B-Instruct,1,case_4f55c52278565729,1,True,,42,0
1522,904,train,validation,Mistral-7B-Instruct-v0.1,2,case_440e3bb4f6cd666c,1,True,,42,0
1522,904,train,validation,Mistral-7B-Instruct-v0.3,3,case_ab45d6b455456b98,1,True,,42,0
83,913,train,validation,Llama-2-7b-chat-hf,0,case_0e444a223cd04a6a,0,True,,42,1
83,913,train,validation,Llama-3.1-8B-Instruct,1,case_2a4d394dd2c19f03,1,True,,42,0
83,913,train,validation,Mistral-7B-Instruct-v0.1,2,case_2d2d195205ff3149,1,True,,42,0
83,913,train,validation,Mistral-7B-Instruct-v0.3,3,case_480798bd9a9cc792,1,True,,42,0
83,914,train,validation,Llama-2-7b-chat-hf,0,case_3ad96e2a0df24d1d,0,True,,42,1
83,914,train,validation,Llama-3.1-8B-Instruct,1,case_d7b450a2f5724974,1,True,,42,0
83,914,train,validation,Mistral-7B-Instruct-v0.1,2,case_42ed445e8888689f,1,True,,42,0
83,914,train,validation,Mistral-7B-Instruct-v0.3,3,case_f9afee63fe838afb,1,True,,42,0
2212,933,train,validation,Llama-2-7b-chat-hf,0,case_0371a6b9f64b5858,1,True,,42,0
2212,933,train,validation,Llama-3.1-8B-Instruct,1,case_0dcd867d942d70b9,1,True,,42,0
2212,933,train,validation,Mistral-7B-Instruct-v0.1,2,case_4330c21107b5fcd7,1,True,,42,0
2212,933,train,validation,Mistral-7B-Instruct-v0.3,3,case_3db833ab1720f3b1,1,True,,42,0
2212,934,train,validation,Llama-2-7b-chat-hf,0,case_c165643d8815bfda,1,True,,42,0
2212,934,train,validation,Llama-3.1-8B-Instruct,1,case_010d3dbb4b91d304,1,True,,42,0
2212,934,train,validation,Mistral-7B-Instruct-v0.1,2,case_1f8790586cc46a84,1,True,,42,0
2212,934,train,validation,Mistral-7B-Instruct-v0.3,3,case_8d1937724523ccd3,1,True,,42,0
1068,939,train,validation,Llama-2-7b-chat-hf,0,case_e99b1c77c783a722,1,True,,42,0
1068,939,train,validation,Llama-3.1-8B-Instruct,1,case_8fbd839293506bac,1,True,,42,0
1068,939,train,validation,Mistral-7B-Instruct-v0.1,2,case_b143a6f20ec17055,1,True,,42,0
1068,939,train,validation,Mistral-7B-Instruct-v0.3,3,case_6924c07ccd0dafea,1,True,,42,0
1068,940,train,validation,Llama-2-7b-chat-hf,0,case_db6c2b44dbd783b5,1,True,,42,0
1068,940,train,validation,Llama-3.1-8B-Instruct,1,case_0096cb0b79a818d8,1,True,,42,0
1068,940,train,validation,Mistral-7B-Instruct-v0.1,2,case_2c6ffc622831443a,1,True,,42,0
1068,940,train,validation,Mistral-7B-Instruct-v0.3,3,case_8b4d5c87678c1d9c,1,True,,42,0
1430,941,train,validation,Llama-2-7b-chat-hf,0,case_11f0fa40c59da3bd,1,True,,42,0
1430,941,train,validation,Llama-3.1-8B-Instruct,1,case_8c99a48d31da0503,1,True,,42,0
1430,941,train,validation,Mistral-7B-Instruct-v0.1,2,case_135f78957288230a,1,True,,42,0
1430,941,train,validation,Mistral-7B-Instruct-v0.3,3,case_83187345d194d891,1,True,,42,0
1430,942,train,validation,Llama-2-7b-chat-hf,0,case_d7c41b10f592f5c7,0,True,,42,1
1430,942,train,validation,Llama-3.1-8B-Instruct,1,case_5097ab540cd123b8,1,True,,42,0
1430,942,train,validation,Mistral-7B-Instruct-v0.1,2,case_14a0f67858cd00d0,1,True,,42,0
1430,942,train,validation,Mistral-7B-Instruct-v0.3,3,case_3094672fd95c6942,1,True,,42,0
694,943,train,validation,Llama-2-7b-chat-hf,0,case_36e7aa5944453ac6,0,True,,42,2
694,943,train,validation,Llama-3.1-8B-Instruct,1,case_3ab1d711b549e9bd,1,True,,42,0
694,943,train,validation,Mistral-7B-Instruct-v0.1,2,case_fd7ab0a2c67c8fbf,0,True,,42,1
694,943,train,validation,Mistral-7B-Instruct-v0.3,3,case_fc903b7264e4a424,0,True,,42,1
694,944,train,validation,Llama-2-7b-chat-hf,0,case_54cd024c262a89de,1,True,,42,0
694,944,train,validation,Llama-3.1-8B-Instruct,1,case_2cd9db0cd93197da,1,True,,42,0
694,944,train,validation,Mistral-7B-Instruct-v0.1,2,case_5c47964c0453cdf1,1,True,,42,0
694,944,train,validation,Mistral-7B-Instruct-v0.3,3,case_6aedb69bd6b4cd16,1,True,,42,0
933,953,train,validation,Llama-2-7b-chat-hf,0,case_2c7bc19b6ea261ca,1,True,,42,0
933,953,train,validation,Llama-3.1-8B-Instruct,1,case_704a3628aba620bd,1,True,,42,0
933,953,train,validation,Mistral-7B-Instruct-v0.1,2,case_8a1c64f836f44aa8,1,True,,42,0
933,953,train,validation,Mistral-7B-Instruct-v0.3,3,case_73ad31c68f781de5,1,True,,42,0
933,954,train,validation,Llama-2-7b-chat-hf,0,case_00df33bb80b07165,0,True,,42,1
933,954,train,validation,Llama-3.1-8B-Instruct,1,case_00a708f57f4701f8,1,True,,42,0
933,954,train,validation,Mistral-7B-Instruct-v0.1,2,case_b65dd756303f344d,0,True,,42,1
933,954,train,validation,Mistral-7B-Instruct-v0.3,3,case_bdb88fbcec103bf3,1,True,,42,0
1293,959,train,validation,Llama-2-7b-chat-hf,0,case_de5dd641994e5fd5,1,True,,42,0
1293,959,train,validation,Llama-3.1-8B-Instruct,1,case_ebf7baf6541e4498,1,True,,42,0
1293,959,train,validation,Mistral-7B-Instruct-v0.1,2,case_e0968136d1d8cebf,1,True,,42,0
1293,959,train,validation,Mistral-7B-Instruct-v0.3,3,case_2f0243b8500e4889,1,True,,42,0
1293,960,train,validation,Llama-2-7b-chat-hf,0,case_9e5c362a96a242e5,1,True,,42,0
1293,960,train,validation,Llama-3.1-8B-Instruct,1,case_7afcbf1384b90085,1,True,,42,0
1293,960,train,validation,Mistral-7B-Instruct-v0.1,2,case_c1dd6921e2e2e4f7,1,True,,42,0
1293,960,train,validation,Mistral-7B-Instruct-v0.3,3,case_a3dd4340f2c0d1fd,1,True,,42,0
860,990,train,validation,Llama-2-7b-chat-hf,0,case_eef6b08d366cc836,1,True,,42,0
860,990,train,validation,Llama-3.1-8B-Instruct,1,case_73c8c81669cc9a63,1,True,,42,0
860,990,train,validation,Mistral-7B-Instruct-v0.1,2,case_b0144991bc62628f,1,True,,42,0
860,990,train,validation,Mistral-7B-Instruct-v0.3,3,case_8d191472807c70e6,1,True,,42,0
860,991,train,validation,Llama-2-7b-chat-hf,0,case_f0e8e9d57317fcda,0,True,,42,1
860,991,train,validation,Llama-3.1-8B-Instruct,1,case_424f9e87360132f7,1,True,,42,0
860,991,train,validation,Mistral-7B-Instruct-v0.1,2,case_763af11cd317991b,0,True,,42,1
860,991,train,validation,Mistral-7B-Instruct-v0.3,3,case_f34fd4ad0e7d38ad,1,True,,42,0
390,1026,train,validation,Llama-2-7b-chat-hf,0,case_8bebfdccc64481c5,1,True,,42,0
390,1026,train,validation,Llama-3.1-8B-Instruct,1,case_7068871aba9b2a89,1,True,,42,0
390,1026,train,validation,Mistral-7B-Instruct-v0.1,2,case_a2b13723386d011f,1,True,,42,0
390,1026,train,validation,Mistral-7B-Instruct-v0.3,3,case_53cb0f465fb11842,1,True,,42,0
390,1027,train,validation,Llama-2-7b-chat-hf,0,case_a58d91b7370bf4d1,1,True,,42,0
390,1027,train,validation,Llama-3.1-8B-Instruct,1,case_d81ce2c8c57acdf6,1,True,,42,0
390,1027,train,validation,Mistral-7B-Instruct-v0.1,2,case_d77b31993654040b,1,True,,42,0
390,1027,train,validation,Mistral-7B-Instruct-v0.3,3,case_0ff0a6ddc76a6381,1,True,,42,0
2360,1031,train,validation,Llama-2-7b-chat-hf,0,case_09442808c8be999e,1,True,,42,0
2360,1031,train,validation,Llama-3.1-8B-Instruct,1,case_727720b090bba091,1,True,,42,0
2360,1031,train,validation,Mistral-7B-Instruct-v0.1,2,case_626c66967c2a0239,1,True,,42,0
2360,1031,train,validation,Mistral-7B-Instruct-v0.3,3,case_921dc37465bb312d,1,True,,42,0
2360,1032,train,validation,Llama-2-7b-chat-hf,0,case_24c80637da501899,1,True,,42,0
2360,1032,train,validation,Llama-3.1-8B-Instruct,1,case_4edb6312df28ceb7,1,True,,42,0
2360,1032,train,validation,Mistral-7B-Instruct-v0.1,2,case_0c8d975fd617ce73,0,True,,42,1
2360,1032,train,validation,Mistral-7B-Instruct-v0.3,3,case_b0ce6dbaf11c4891,1,True,,42,0
1025,1041,train,validation,Llama-2-7b-chat-hf,0,case_8546f6b020f1343a,1,True,,42,0
1025,1041,train,validation,Llama-3.1-8B-Instruct,1,case_c2c21abc40e3482f,1,True,,42,0
1025,1041,train,validation,Mistral-7B-Instruct-v0.1,2,case_5d845cc9e77b8767,1,True,,42,0
1025,1041,train,validation,Mistral-7B-Instruct-v0.3,3,case_ddac97a3096ac951,1,True,,42,0
1025,1042,train,validation,Llama-2-7b-chat-hf,0,case_8884b8404c99d665,0,True,,42,1
1025,1042,train,validation,Llama-3.1-8B-Instruct,1,case_3bb702f4d9387723,1,True,,42,0
1025,1042,train,validation,Mistral-7B-Instruct-v0.1,2,case_0115aa518f234e31,1,True,,42,0
1025,1042,train,validation,Mistral-7B-Instruct-v0.3,3,case_f8867a8557705d3e,1,True,,42,0
1523,1050,train,validation,Llama-2-7b-chat-hf,0,case_c3c2a3893e037faf,1,True,,42,0
1523,1050,train,validation,Llama-3.1-8B-Instruct,1,case_2c97812f7a277074,1,True,,42,0
1523,1050,train,validation,Mistral-7B-Instruct-v0.1,2,case_3da0ec1648385181,1,True,,42,0
1523,1050,train,validation,Mistral-7B-Instruct-v0.3,3,case_3e6c7f7655c43f55,1,True,,42,0
1523,1051,train,validation,Llama-2-7b-chat-hf,0,case_41d4ecc874a7b3b7,1,True,,42,0
1523,1051,train,validation,Llama-3.1-8B-Instruct,1,case_fea89f025491288d,1,True,,42,0
1523,1051,train,validation,Mistral-7B-Instruct-v0.1,2,case_b5951b005372cc16,1,True,,42,0
1523,1051,train,validation,Mistral-7B-Instruct-v0.3,3,case_f5620d23d15979a2,1,True,,42,0
40,1064,train,validation,Llama-2-7b-chat-hf,0,case_b5a9b69f0e1c4e37,1,True,,42,0
40,1064,train,validation,Llama-3.1-8B-Instruct,1,case_73a8cfa529666ad9,1,True,,42,0
40,1064,train,validation,Mistral-7B-Instruct-v0.1,2,case_aef95cd59540d809,1,True,,42,0
40,1064,train,validation,Mistral-7B-Instruct-v0.3,3,case_2c9d4a483c0ad6bd,1,True,,42,0
40,1065,train,validation,Llama-2-7b-chat-hf,0,case_12cd8cbf9a95901f,0,True,,42,1
40,1065,train,validation,Llama-3.1-8B-Instruct,1,case_e68381472eb1cd0a,1,True,,42,0
40,1065,train,validation,Mistral-7B-Instruct-v0.1,2,case_0f5332138217cc93,0,True,,42,1
40,1065,train,validation,Mistral-7B-Instruct-v0.3,3,case_ae93ca1e6b29cf5e,0,True,,42,1
1683,1090,train,validation,Llama-2-7b-chat-hf,0,case_875fbfbae538e022,1,True,,42,0
1683,1090,train,validation,Llama-3.1-8B-Instruct,1,case_0a7957acdb15a1a5,1,True,,42,0
1683,1090,train,validation,Mistral-7B-Instruct-v0.1,2,case_4c1ff486fe2af04d,0,True,,42,1
1683,1090,train,validation,Mistral-7B-Instruct-v0.3,3,case_38f6477763ffe2d8,1,True,,42,0
1683,1091,train,validation,Llama-2-7b-chat-hf,0,case_30fd194ca29d9f74,0,True,,42,1
1683,1091,train,validation,Llama-3.1-8B-Instruct,1,case_da135fa28ee3cbd2,1,True,,42,0
1683,1091,train,validation,Mistral-7B-Instruct-v0.1,2,case_a93b0d98686f8b53,0,True,,42,1
1683,1091,train,validation,Mistral-7B-Instruct-v0.3,3,case_54c4ecde6c1e8e64,0,True,,42,1
1505,1120,train,validation,Llama-2-7b-chat-hf,0,case_9bc2923fb2a5dd8e,0,True,,42,1
1505,1120,train,validation,Llama-3.1-8B-Instruct,1,case_ef910f011543904d,1,True,,42,0
1505,1120,train,validation,Mistral-7B-Instruct-v0.1,2,case_68f1873a16cfc82e,1,True,,42,0
1505,1120,train,validation,Mistral-7B-Instruct-v0.3,3,case_8254992bf87aef60,1,True,,42,0
1505,1121,train,validation,Llama-2-7b-chat-hf,0,case_cb410973c89d12e5,1,True,,42,0
1505,1121,train,validation,Llama-3.1-8B-Instruct,1,case_54bfd9cdd336e3f1,1,True,,42,0
1505,1121,train,validation,Mistral-7B-Instruct-v0.1,2,case_d90457cdf5f17002,0,True,,42,1
1505,1121,train,validation,Mistral-7B-Instruct-v0.3,3,case_bc5c8f4e38c5b624,1,True,,42,0
2254,1126,train,validation,Llama-2-7b-chat-hf,0,case_73a4cfbe86a7a08b,0,True,,42,1
2254,1126,train,validation,Llama-3.1-8B-Instruct,1,case_0e35c1347178b8d9,1,True,,42,0
2254,1126,train,validation,Mistral-7B-Instruct-v0.1,2,case_1c6a36d978e45ee2,1,True,,42,0
2254,1126,train,validation,Mistral-7B-Instruct-v0.3,3,case_f40ad9e3aece08e1,1,True,,42,0
2254,1127,train,validation,Llama-2-7b-chat-hf,0,case_a8ed350ea05ec9f5,0,True,,42,2
2254,1127,train,validation,Llama-3.1-8B-Instruct,1,case_2b63a9d600c4fa1a,1,True,,42,0
2254,1127,train,validation,Mistral-7B-Instruct-v0.1,2,case_7deba0d071e190a8,0,True,,42,1
2254,1127,train,validation,Mistral-7B-Instruct-v0.3,3,case_f4ec73014e43624b,1,True,,42,0
1150,1128,train,validation,Llama-2-7b-chat-hf,0,case_725d71413cb764ad,0,True,,42,1
1150,1128,train,validation,Llama-3.1-8B-Instruct,1,case_585f529485b858a1,1,True,,42,0
1150,1128,train,validation,Mistral-7B-Instruct-v0.1,2,case_f1d9045846ed5ec1,1,True,,42,0
1150,1128,train,validation,Mistral-7B-Instruct-v0.3,3,case_1cb2d7f0cf2c4ad3,1,True,,42,0
1150,1129,train,validation,Llama-2-7b-chat-hf,0,case_2640b61bdd5c194b,0,True,,42,1
1150,1129,train,validation,Llama-3.1-8B-Instruct,1,case_9a28429fdedf91c0,1,True,,42,0
1150,1129,train,validation,Mistral-7B-Instruct-v0.1,2,case_63169b2c4f5a4f23,1,True,,42,0
1150,1129,train,validation,Mistral-7B-Instruct-v0.3,3,case_63cb2d1842232899,1,True,,42,0
307,1130,train,validation,Llama-2-7b-chat-hf,0,case_dca034836af14a1f,1,True,,42,0
307,1130,train,validation,Llama-3.1-8B-Instruct,1,case_f1250440e741f1d5,0,True,,42,1
307,1130,train,validation,Mistral-7B-Instruct-v0.1,2,case_3333f36b47d4537a,1,True,,42,0
307,1130,train,validation,Mistral-7B-Instruct-v0.3,3,case_f368ea14f69135d1,1,True,,42,0
307,1131,train,validation,Llama-2-7b-chat-hf,0,case_3dda0932868a30dd,0,True,,42,1
307,1131,train,validation,Llama-3.1-8B-Instruct,1,case_e05cdac44b73cdcd,1,True,,42,0
307,1131,train,validation,Mistral-7B-Instruct-v0.1,2,case_5718581d8f0889c2,0,True,,42,1
307,1131,train,validation,Mistral-7B-Instruct-v0.3,3,case_bc96c28a01914119,1,True,,42,0
379,1147,train,validation,Llama-2-7b-chat-hf,0,case_e905a9060f85ee21,1,True,,42,0
379,1147,train,validation,Llama-3.1-8B-Instruct,1,case_2448087ac5a39425,1,True,,42,0
379,1147,train,validation,Mistral-7B-Instruct-v0.1,2,case_bfc00749959ed09a,1,True,,42,0
379,1147,train,validation,Mistral-7B-Instruct-v0.3,3,case_47adb9383b721be1,1,True,,42,0
379,1148,train,validation,Llama-2-7b-chat-hf,0,case_889f991c24fd99d7,1,True,,42,0
379,1148,train,validation,Llama-3.1-8B-Instruct,1,case_f9d8224d84c777c9,1,True,,42,0
379,1148,train,validation,Mistral-7B-Instruct-v0.1,2,case_5f79da5ef0b70e49,1,True,,42,0
379,1148,train,validation,Mistral-7B-Instruct-v0.3,3,case_5204948ab4c8e6b6,1,True,,42,0
446,1153,train,validation,Llama-2-7b-chat-hf,0,case_cf93e622ef301cb4,0,True,,42,1
446,1153,train,validation,Llama-3.1-8B-Instruct,1,case_d3f5d420b8abaf65,1,True,,42,0
446,1153,train,validation,Mistral-7B-Instruct-v0.1,2,case_1794fd587725039a,0,True,,42,1
446,1153,train,validation,Mistral-7B-Instruct-v0.3,3,case_bda1ac082344a5bf,1,True,,42,0
446,1154,train,validation,Llama-2-7b-chat-hf,0,case_5527c8ed27b2ed3b,0,True,,42,1
446,1154,train,validation,Llama-3.1-8B-Instruct,1,case_8732068950eaa0f1,1,True,,42,0
446,1154,train,validation,Mistral-7B-Instruct-v0.1,2,case_e92f43774a14fe31,0,True,,42,1
446,1154,train,validation,Mistral-7B-Instruct-v0.3,3,case_2c8a0d920d2c3604,1,True,,42,0
822,1173,train,validation,Llama-2-7b-chat-hf,0,case_05f9d98cc5a0ba40,1,True,,42,0
822,1173,train,validation,Llama-3.1-8B-Instruct,1,case_8fda4ca278b1da16,1,True,,42,0
822,1173,train,validation,Mistral-7B-Instruct-v0.1,2,case_f916f5307b666189,1,True,,42,0
822,1173,train,validation,Mistral-7B-Instruct-v0.3,3,case_7d876613a829b085,1,True,,42,0
822,1174,train,validation,Llama-2-7b-chat-hf,0,case_4e68d6ea83fb3c81,0,True,,42,3
822,1174,train,validation,Llama-3.1-8B-Instruct,1,case_111c49c01d671b7f,1,True,,42,0
822,1174,train,validation,Mistral-7B-Instruct-v0.1,2,case_fafd1f92788d8754,1,True,,42,0
822,1174,train,validation,Mistral-7B-Instruct-v0.3,3,case_04a9d37f4ffc1955,1,True,,42,0
2255,1212,train,validation,Llama-2-7b-chat-hf,0,case_c5db5428d9c032eb,1,True,,42,0
2255,1212,train,validation,Llama-3.1-8B-Instruct,1,case_fdd56394d157dc24,1,True,,42,0
2255,1212,train,validation,Mistral-7B-Instruct-v0.1,2,case_631bb549e133541d,1,True,,42,0
2255,1212,train,validation,Mistral-7B-Instruct-v0.3,3,case_1863000cee4f660b,1,True,,42,0
2255,1213,train,validation,Llama-2-7b-chat-hf,0,case_60119acdfe2afe04,1,True,,42,0
2255,1213,train,validation,Llama-3.1-8B-Instruct,1,case_08d620e9bee22508,1,True,,42,0
2255,1213,train,validation,Mistral-7B-Instruct-v0.1,2,case_d3ec0a9a3c9ad4ba,0,True,,42,1
2255,1213,train,validation,Mistral-7B-Instruct-v0.3,3,case_a6b6d538a13a92e6,1,True,,42,0
1214,1226,train,validation,Llama-2-7b-chat-hf,0,case_098f8b79aef5267a,0,True,,42,2
1214,1226,train,validation,Llama-3.1-8B-Instruct,1,case_9196d44da9678d87,1,True,,42,0
1214,1226,train,validation,Mistral-7B-Instruct-v0.1,2,case_198000247c441757,1,True,,42,0
1214,1226,train,validation,Mistral-7B-Instruct-v0.3,3,case_95be5ceee6e77528,1,True,,42,0
1214,1227,train,validation,Llama-2-7b-chat-hf,0,case_22be5f234a4d129d,1,True,,42,0
1214,1227,train,validation,Llama-3.1-8B-Instruct,1,case_08d23158d18d21f8,1,True,,42,0
1214,1227,train,validation,Mistral-7B-Instruct-v0.1,2,case_b5329c4799239e0f,0,True,,42,1
1214,1227,train,validation,Mistral-7B-Instruct-v0.3,3,case_3f7c610d17673fd0,1,True,,42,0
134,1233,train,validation,Llama-2-7b-chat-hf,0,case_ea1da57d34610ae8,0,True,,42,1
134,1233,train,validation,Llama-3.1-8B-Instruct,1,case_846091029cd97a47,1,True,,42,0
134,1233,train,validation,Mistral-7B-Instruct-v0.1,2,case_be969377c8ef2a34,1,True,,42,0
134,1233,train,validation,Mistral-7B-Instruct-v0.3,3,case_46ad6fd9a4e41ef0,1,True,,42,0
134,1234,train,validation,Llama-2-7b-chat-hf,0,case_3d593dfbcd98ff88,0,True,,42,1
134,1234,train,validation,Llama-3.1-8B-Instruct,1,case_fab3a15696567f2b,1,True,,42,0
134,1234,train,validation,Mistral-7B-Instruct-v0.1,2,case_441a04453808a58f,1,True,,42,0
134,1234,train,validation,Mistral-7B-Instruct-v0.3,3,case_0a5de82e475aeb59,1,True,,42,0
1429,1240,train,validation,Llama-2-7b-chat-hf,0,case_5e75c0e374dc4e0d,1,True,,42,0
1429,1240,train,validation,Llama-3.1-8B-Instruct,1,case_f62ab93fb72889c5,1,True,,42,0
1429,1240,train,validation,Mistral-7B-Instruct-v0.1,2,case_5f3b3276ca379078,0,True,,42,1
1429,1240,train,validation,Mistral-7B-Instruct-v0.3,3,case_a8bcfe9c4d63fb2f,1,True,,42,0
1429,1241,train,validation,Llama-2-7b-chat-hf,0,case_d34eb25e868595fc,0,True,,42,1
1429,1241,train,validation,Llama-3.1-8B-Instruct,1,case_738bce7d8cec29d0,1,True,,42,0
1429,1241,train,validation,Mistral-7B-Instruct-v0.1,2,case_02197c0919b6157c,1,True,,42,0
1429,1241,train,validation,Mistral-7B-Instruct-v0.3,3,case_d7bf5271384874bf,0,True,,42,2
1275,1242,train,validation,Llama-2-7b-chat-hf,0,case_76025ee2583760c1,1,True,,42,0
1275,1242,train,validation,Llama-3.1-8B-Instruct,1,case_3e87ddfbcfe9a602,1,True,,42,0
1275,1242,train,validation,Mistral-7B-Instruct-v0.1,2,case_561074b401ded8f3,1,True,,42,0
1275,1242,train,validation,Mistral-7B-Instruct-v0.3,3,case_6290e826ada93507,1,True,,42,0
518,1243,train,validation,Llama-2-7b-chat-hf,0,case_86db75d01b25b22c,1,True,,42,0
518,1243,train,validation,Llama-3.1-8B-Instruct,1,case_8b967dd79163ca53,1,True,,42,0
518,1243,train,validation,Mistral-7B-Instruct-v0.1,2,case_d8d924104bcd6b7a,1,True,,42,0
518,1243,train,validation,Mistral-7B-Instruct-v0.3,3,case_7fb8db5e75cf2e7a,1,True,,42,0
518,1244,train,validation,Llama-2-7b-chat-hf,0,case_1de8dd410e29408c,1,True,,42,0
518,1244,train,validation,Llama-3.1-8B-Instruct,1,case_186d0e73adc5f554,1,True,,42,0
518,1244,train,validation,Mistral-7B-Instruct-v0.1,2,case_c113fa5f62342ebc,1,True,,42,0
518,1244,train,validation,Mistral-7B-Instruct-v0.3,3,case_db237d4b46fd7adc,1,True,,42,0
1273,1261,train,validation,Llama-2-7b-chat-hf,0,case_8d9df70fbf1a646e,0,True,,42,2
1273,1261,train,validation,Llama-3.1-8B-Instruct,1,case_884dc836665beb68,0,True,,42,1
1273,1261,train,validation,Mistral-7B-Instruct-v0.1,2,case_8179d0b2f90c03a3,1,True,,42,0
1273,1261,train,validation,Mistral-7B-Instruct-v0.3,3,case_bf63e2eb34a918da,1,True,,42,0
1273,1262,train,validation,Llama-2-7b-chat-hf,0,case_93a74a3216bcb101,0,True,,42,4
1273,1262,train,validation,Llama-3.1-8B-Instruct,1,case_f9e0c13201043c60,1,True,,42,0
1273,1262,train,validation,Mistral-7B-Instruct-v0.1,2,case_779f31b59a87f520,1,True,,42,0
1273,1262,train,validation,Mistral-7B-Instruct-v0.3,3,case_e82995ad20e11f52,1,True,,42,0
1171,1265,train,validation,Llama-2-7b-chat-hf,0,case_d23a3762fc28091b,1,True,,42,0
1171,1265,train,validation,Llama-3.1-8B-Instruct,1,case_161498831efd3752,1,True,,42,0
1171,1265,train,validation,Mistral-7B-Instruct-v0.1,2,case_7717dd4597dc397f,1,True,,42,0
1171,1265,train,validation,Mistral-7B-Instruct-v0.3,3,case_92ab0fb076189102,1,True,,42,0
1171,1266,train,validation,Llama-2-7b-chat-hf,0,case_709e700e0a9943b1,1,True,,42,0
1171,1266,train,validation,Llama-3.1-8B-Instruct,1,case_3e98773a84faff44,1,True,,42,0
1171,1266,train,validation,Mistral-7B-Instruct-v0.1,2,case_e6290bc3fb11ed93,0,True,,42,1
1171,1266,train,validation,Mistral-7B-Instruct-v0.3,3,case_40f0fb495cc4c9d1,1,True,,42,0
1773,1275,train,validation,Llama-2-7b-chat-hf,0,case_d25a5439120e108b,1,True,,42,0
1773,1275,train,validation,Llama-3.1-8B-Instruct,1,case_83fcf97328c01d8b,1,True,,42,0
1773,1275,train,validation,Mistral-7B-Instruct-v0.1,2,case_5d3e567771a77d8f,1,True,,42,0
1773,1275,train,validation,Mistral-7B-Instruct-v0.3,3,case_9aecaa0f549c274f,1,True,,42,0
1773,1276,train,validation,Llama-2-7b-chat-hf,0,case_d5e938722a58cff8,1,True,,42,0
1773,1276,train,validation,Llama-3.1-8B-Instruct,1,case_6281ae0ecf273af6,1,True,,42,0
1773,1276,train,validation,Mistral-7B-Instruct-v0.1,2,case_98a79740a8995226,1,True,,42,0
1773,1276,train,validation,Mistral-7B-Instruct-v0.3,3,case_6bbb1c1a4618992a,1,True,,42,0
606,1289,train,validation,Llama-2-7b-chat-hf,0,case_698a88f5d6841f8f,0,True,,42,1
606,1289,train,validation,Llama-3.1-8B-Instruct,1,case_aa3473dbb9c3526d,1,True,,42,0
606,1289,train,validation,Mistral-7B-Instruct-v0.1,2,case_6c1b536c307c9e36,0,True,,42,2
606,1289,train,validation,Mistral-7B-Instruct-v0.3,3,case_16ea2ff4790f4586,0,True,,42,1
606,1290,train,validation,Llama-2-7b-chat-hf,0,case_367e7cee3e8da3eb,0,True,,42,1
606,1290,train,validation,Llama-3.1-8B-Instruct,1,case_ab39ff199893828b,1,True,,42,0
606,1290,train,validation,Mistral-7B-Instruct-v0.1,2,case_b10dcb5941493616,0,True,,42,1
606,1290,train,validation,Mistral-7B-Instruct-v0.3,3,case_8c9b6fbd5d584cfa,0,True,,42,1
246,1318,train,validation,Llama-2-7b-chat-hf,0,case_d9dba58f7cdeea04,1,True,,42,0
246,1318,train,validation,Llama-3.1-8B-Instruct,1,case_2c0f2f15dafd25a3,1,True,,42,0
246,1318,train,validation,Mistral-7B-Instruct-v0.1,2,case_0c73b4dd5293f683,1,True,,42,0
246,1318,train,validation,Mistral-7B-Instruct-v0.3,3,case_473c3bb4a1c3befb,1,True,,42,0
246,1319,train,validation,Llama-2-7b-chat-hf,0,case_f0d02987f8370076,1,True,,42,0
246,1319,train,validation,Llama-3.1-8B-Instruct,1,case_ae79e4d2d963a4e8,1,True,,42,0
246,1319,train,validation,Mistral-7B-Instruct-v0.1,2,case_f41f5b630b04129e,1,True,,42,0
246,1319,train,validation,Mistral-7B-Instruct-v0.3,3,case_8a4c05a7ec40bb06,1,True,,42,0
1550,1330,train,validation,Llama-2-7b-chat-hf,0,case_48d03d2724aa0b02,1,True,,42,0
1550,1330,train,validation,Llama-3.1-8B-Instruct,1,case_d6311219c6885ac8,1,True,,42,0
1550,1330,train,validation,Mistral-7B-Instruct-v0.1,2,case_5f9c81702ceafae0,0,True,,42,1
1550,1330,train,validation,Mistral-7B-Instruct-v0.3,3,case_16f47828e0b9c58e,1,True,,42,0
1550,1331,train,validation,Llama-2-7b-chat-hf,0,case_eb69417900f5fb08,0,True,,42,1
1550,1331,train,validation,Llama-3.1-8B-Instruct,1,case_fa247a023b86d7b4,1,True,,42,0
1550,1331,train,validation,Mistral-7B-Instruct-v0.1,2,case_72ea40090ea86cff,1,True,,42,0
1550,1331,train,validation,Mistral-7B-Instruct-v0.3,3,case_346b6122d5ea7b20,1,True,,42,0
738,1332,train,validation,Llama-2-7b-chat-hf,0,case_c202e2608379c3cd,1,True,,42,0
738,1332,train,validation,Llama-3.1-8B-Instruct,1,case_931b893d5f579825,1,True,,42,0
738,1332,train,validation,Mistral-7B-Instruct-v0.1,2,case_f8194be42f1b4471,1,True,,42,0
738,1332,train,validation,Mistral-7B-Instruct-v0.3,3,case_18ca993e6e3f9fec,1,True,,42,0
738,1333,train,validation,Llama-2-7b-chat-hf,0,case_e3dacf46b2b3f247,1,True,,42,0
738,1333,train,validation,Llama-3.1-8B-Instruct,1,case_eadf5fc031c6f823,1,True,,42,0
738,1333,train,validation,Mistral-7B-Instruct-v0.1,2,case_1569a6095997b30b,1,True,,42,0
738,1333,train,validation,Mistral-7B-Instruct-v0.3,3,case_8f5f8537929afd4e,0,True,,42,1
443,1338,train,validation,Llama-2-7b-chat-hf,0,case_e02136f7708bb2d8,0,True,,42,1
443,1338,train,validation,Llama-3.1-8B-Instruct,1,case_05821ead90f7b04a,0,True,,42,1
443,1338,train,validation,Mistral-7B-Instruct-v0.1,2,case_3283b30cc49257f2,0,True,,42,1
443,1338,train,validation,Mistral-7B-Instruct-v0.3,3,case_509c4301c43222b4,1,True,,42,0
443,1339,train,validation,Llama-2-7b-chat-hf,0,case_a9aa7223e40791da,0,True,,42,1
443,1339,train,validation,Llama-3.1-8B-Instruct,1,case_ecdc1344e97ea094,1,True,,42,0
443,1339,train,validation,Mistral-7B-Instruct-v0.1,2,case_95d8a5b3d6c0df6a,0,True,,42,1
443,1339,train,validation,Mistral-7B-Instruct-v0.3,3,case_25892a453c0074df,1,True,,42,0
646,1370,train,validation,Llama-2-7b-chat-hf,0,case_1ba76359efd557fb,1,True,,42,0
646,1370,train,validation,Llama-3.1-8B-Instruct,1,case_582fe5b0de6a71e2,1,True,,42,0
646,1370,train,validation,Mistral-7B-Instruct-v0.1,2,case_50c99fc9d51e579e,1,True,,42,0
646,1370,train,validation,Mistral-7B-Instruct-v0.3,3,case_6dfa4313026f8f77,1,True,,42,0
646,1371,train,validation,Llama-2-7b-chat-hf,0,case_28dd85ed91cd56b4,0,True,,42,2
646,1371,train,validation,Llama-3.1-8B-Instruct,1,case_0744e8416ee4d19b,1,True,,42,0
646,1371,train,validation,Mistral-7B-Instruct-v0.1,2,case_2b5a4d95385823c2,1,True,,42,0
646,1371,train,validation,Mistral-7B-Instruct-v0.3,3,case_9c507a4ea26b0930,0,True,,42,1
2258,1376,train,validation,Llama-2-7b-chat-hf,0,case_4c4f5341a33ec756,1,True,,42,0
2258,1376,train,validation,Llama-3.1-8B-Instruct,1,case_77f4fade65eb8589,1,True,,42,0
2258,1376,train,validation,Mistral-7B-Instruct-v0.1,2,case_fc3b708d30e2f085,1,True,,42,0
2258,1376,train,validation,Mistral-7B-Instruct-v0.3,3,case_f92e58dd0e137e83,1,True,,42,0
2258,1377,train,validation,Llama-2-7b-chat-hf,0,case_e7dd9d8f9fe45c2f,1,True,,42,0
2258,1377,train,validation,Llama-3.1-8B-Instruct,1,case_9e2ccb74037bceb9,1,True,,42,0
2258,1377,train,validation,Mistral-7B-Instruct-v0.1,2,case_9f65535d4b9c7237,1,True,,42,0
2258,1377,train,validation,Mistral-7B-Instruct-v0.3,3,case_e1ac17482de97717,1,True,,42,0
876,1386,train,validation,Llama-2-7b-chat-hf,0,case_04422015e584cea9,1,True,,42,0
876,1386,train,validation,Llama-3.1-8B-Instruct,1,case_f78cb4e22ce3f267,1,True,,42,0
876,1386,train,validation,Mistral-7B-Instruct-v0.1,2,case_0c39e71568792e0e,1,True,,42,0
876,1386,train,validation,Mistral-7B-Instruct-v0.3,3,case_137afbbcf7b69e87,1,True,,42,0
876,1387,train,validation,Llama-2-7b-chat-hf,0,case_8044342628d21875,1,True,,42,0
876,1387,train,validation,Llama-3.1-8B-Instruct,1,case_6e49a1f40c91d5d9,1,True,,42,0
876,1387,train,validation,Mistral-7B-Instruct-v0.1,2,case_a258425dc85e7047,1,True,,42,0
876,1387,train,validation,Mistral-7B-Instruct-v0.3,3,case_2905f31d94ca1d74,1,True,,42,0
1426,1388,train,validation,Llama-2-7b-chat-hf,0,case_3386097b9fc5eb5c,0,True,,42,1
1426,1388,train,validation,Llama-3.1-8B-Instruct,1,case_f7df6ad1498bdadd,1,True,,42,0
1426,1388,train,validation,Mistral-7B-Instruct-v0.1,2,case_43b0d9d8748c41ff,1,True,,42,0
1426,1388,train,validation,Mistral-7B-Instruct-v0.3,3,case_c7f92174e996c2c7,1,True,,42,0
1426,1389,train,validation,Llama-2-7b-chat-hf,0,case_464c4482cd42029b,1,True,,42,0
1426,1389,train,validation,Llama-3.1-8B-Instruct,1,case_222753436f813d77,1,True,,42,0
1426,1389,train,validation,Mistral-7B-Instruct-v0.1,2,case_46788ae5b4258adb,1,True,,42,0
1426,1389,train,validation,Mistral-7B-Instruct-v0.3,3,case_ee22229699a11c30,1,True,,42,0
1931,1392,train,validation,Llama-2-7b-chat-hf,0,case_dc9bdfe10a791e89,1,True,,42,0
1931,1392,train,validation,Llama-3.1-8B-Instruct,1,case_4dc5095b53eb9bb5,1,True,,42,0
1931,1392,train,validation,Mistral-7B-Instruct-v0.1,2,case_52ed958075540b68,1,True,,42,0
1931,1392,train,validation,Mistral-7B-Instruct-v0.3,3,case_57983d5e8a2a510d,1,True,,42,0
1931,1393,train,validation,Llama-2-7b-chat-hf,0,case_7e435c94f2d5f47c,0,True,,42,1
1931,1393,train,validation,Llama-3.1-8B-Instruct,1,case_9a1b28830cf8229f,1,True,,42,0
1931,1393,train,validation,Mistral-7B-Instruct-v0.1,2,case_43179e2e0fc84186,1,True,,42,0
1931,1393,train,validation,Mistral-7B-Instruct-v0.3,3,case_d300d9560f1f9922,1,True,,42,0
306,1410,train,validation,Llama-2-7b-chat-hf,0,case_6fee921ed179903a,1,True,,42,0
306,1410,train,validation,Llama-3.1-8B-Instruct,1,case_0e3fb06a1746d911,1,True,,42,0
306,1410,train,validation,Mistral-7B-Instruct-v0.1,2,case_f3617430e56167ad,0,True,,42,1
306,1410,train,validation,Mistral-7B-Instruct-v0.3,3,case_b6c96e98f6c9d0c9,0,True,,42,1
1542,1413,train,validation,Llama-2-7b-chat-hf,0,case_5663f325af1ffcff,1,True,,42,0
1542,1413,train,validation,Llama-3.1-8B-Instruct,1,case_da05dcf48a2c6db8,1,True,,42,0
1542,1413,train,validation,Mistral-7B-Instruct-v0.1,2,case_7ed32e9daaf75af8,1,True,,42,0
1542,1413,train,validation,Mistral-7B-Instruct-v0.3,3,case_ba266cb04378c9d6,0,True,,42,1
1542,1414,train,validation,Llama-2-7b-chat-hf,0,case_167949505e693ba8,0,True,,42,1
1542,1414,train,validation,Llama-3.1-8B-Instruct,1,case_bc9d593d138de975,1,True,,42,0
1542,1414,train,validation,Mistral-7B-Instruct-v0.1,2,case_b32385d94faedbed,1,True,,42,0
1542,1414,train,validation,Mistral-7B-Instruct-v0.3,3,case_91f5c0d1c7d1aae0,0,True,,42,1
2208,1421,train,validation,Llama-2-7b-chat-hf,0,case_f073dc3a968ce12d,1,True,,42,0
2208,1421,train,validation,Llama-3.1-8B-Instruct,1,case_4a0871ad024eac3e,1,True,,42,0
2208,1421,train,validation,Mistral-7B-Instruct-v0.1,2,case_e621e5bf1f5d69d2,1,True,,42,0
2208,1421,train,validation,Mistral-7B-Instruct-v0.3,3,case_80ac21614f32a438,1,True,,42,0
2208,1422,train,validation,Llama-2-7b-chat-hf,0,case_1122d48688b9bc0e,0,True,,42,1
2208,1422,train,validation,Llama-3.1-8B-Instruct,1,case_288d6ee0cafca5f9,1,True,,42,0
2208,1422,train,validation,Mistral-7B-Instruct-v0.1,2,case_71ef59e2e90cf541,1,True,,42,0
2208,1422,train,validation,Mistral-7B-Instruct-v0.3,3,case_e9fe1a461b2f13a0,1,True,,42,0
781,1429,train,validation,Llama-2-7b-chat-hf,0,case_e43fea9121d9a7e7,1,True,,42,0
781,1429,train,validation,Llama-3.1-8B-Instruct,1,case_99116a5074d4eba6,1,True,,42,0
781,1429,train,validation,Mistral-7B-Instruct-v0.1,2,case_d9b13913a08aeea3,1,True,,42,0
781,1429,train,validation,Mistral-7B-Instruct-v0.3,3,case_e1a239aa110cbb2b,1,True,,42,0
781,1430,train,validation,Llama-2-7b-chat-hf,0,case_3a6b5059dca1de5f,0,True,,42,1
781,1430,train,validation,Llama-3.1-8B-Instruct,1,case_c064a824de23411c,1,True,,42,0
781,1430,train,validation,Mistral-7B-Instruct-v0.1,2,case_e8a15905711092df,0,True,,42,1
781,1430,train,validation,Mistral-7B-Instruct-v0.3,3,case_9d38737632771bdf,0,True,,42,1
573,1431,train,validation,Llama-2-7b-chat-hf,0,case_9b315f82417f46db,0,True,,42,2
573,1431,train,validation,Llama-3.1-8B-Instruct,1,case_25fbacccb519ffec,1,True,,42,0
573,1431,train,validation,Mistral-7B-Instruct-v0.1,2,case_cc1c59a0c4b7d5eb,0,True,,42,1
573,1431,train,validation,Mistral-7B-Instruct-v0.3,3,case_e907d541e6ed1717,0,True,,42,2
573,1432,train,validation,Llama-2-7b-chat-hf,0,case_b1bd1578d7a5deb9,0,True,,42,1
573,1432,train,validation,Llama-3.1-8B-Instruct,1,case_551629ca8f05226c,1,True,,42,0
573,1432,train,validation,Mistral-7B-Instruct-v0.1,2,case_d46b7c58a7ae2ae4,0,True,,42,1
573,1432,train,validation,Mistral-7B-Instruct-v0.3,3,case_896586e8a8787e0e,0,True,,42,1
1254,1433,train,validation,Llama-2-7b-chat-hf,0,case_65c6c70e1fb9dd7d,0,True,,42,1
1254,1433,train,validation,Llama-3.1-8B-Instruct,1,case_529924d56b166588,1,True,,42,0
1254,1433,train,validation,Mistral-7B-Instruct-v0.1,2,case_544a5202edafc286,0,True,,42,1
1254,1433,train,validation,Mistral-7B-Instruct-v0.3,3,case_e3ffe6a76e3b2157,1,True,,42,0
1254,1434,train,validation,Llama-2-7b-chat-hf,0,case_91d58d91fbd6f623,0,True,,42,2
1254,1434,train,validation,Llama-3.1-8B-Instruct,1,case_496e7715c462c498,1,True,,42,0
1254,1434,train,validation,Mistral-7B-Instruct-v0.1,2,case_2f1cec20c13e3cf5,0,True,,42,1
1254,1434,train,validation,Mistral-7B-Instruct-v0.3,3,case_f3538947e5393d88,1,True,,42,0
1401,1443,train,validation,Llama-2-7b-chat-hf,0,case_a41eaf7702558840,0,True,,42,2
1401,1443,train,validation,Llama-3.1-8B-Instruct,1,case_cabcfaf2a655983c,0,True,,42,1
1401,1443,train,validation,Mistral-7B-Instruct-v0.1,2,case_ce21aa4f5ac7de13,0,True,,42,1
1401,1443,train,validation,Mistral-7B-Instruct-v0.3,3,case_9661b2b69cf4ef26,1,True,,42,0
1401,1444,train,validation,Llama-2-7b-chat-hf,0,case_dd1878adbbc0d49e,1,True,,42,0
1401,1444,train,validation,Llama-3.1-8B-Instruct,1,case_8f8a066a09d221dc,1,True,,42,0
1401,1444,train,validation,Mistral-7B-Instruct-v0.1,2,case_28bc1faa2fdda86a,0,True,,42,1
1401,1444,train,validation,Mistral-7B-Instruct-v0.3,3,case_633ac14d8f9a5fb8,1,True,,42,0
1983,1468,train,validation,Llama-2-7b-chat-hf,0,case_6f71a6f7c641400e,1,True,,42,0
1983,1468,train,validation,Llama-3.1-8B-Instruct,1,case_a6718fdb55f7daec,1,True,,42,0
1983,1468,train,validation,Mistral-7B-Instruct-v0.1,2,case_534e4c2b1682a7fe,0,True,,42,1
1983,1468,train,validation,Mistral-7B-Instruct-v0.3,3,case_01ae2480be0879f3,1,True,,42,0
1983,1469,train,validation,Llama-2-7b-chat-hf,0,case_97ac79c3235ecddc,0,True,,42,1
1983,1469,train,validation,Llama-3.1-8B-Instruct,1,case_aa387f0c4dfc1bf7,1,True,,42,0
1983,1469,train,validation,Mistral-7B-Instruct-v0.1,2,case_d7baafa9f70448b2,0,True,,42,1
1983,1469,train,validation,Mistral-7B-Instruct-v0.3,3,case_dadac348d41cef19,1,True,,42,0
300,1472,train,validation,Llama-2-7b-chat-hf,0,case_87850af38dc3b6c3,0,True,,42,1
300,1472,train,validation,Llama-3.1-8B-Instruct,1,case_76ed67c436a539a4,1,True,,42,0
300,1472,train,validation,Mistral-7B-Instruct-v0.1,2,case_9765a405485cb576,0,True,,42,1
300,1472,train,validation,Mistral-7B-Instruct-v0.3,3,case_f27d29c6bdc6b857,1,True,,42,0
300,1473,train,validation,Llama-2-7b-chat-hf,0,case_a93aafb848ab3abc,1,True,,42,0
300,1473,train,validation,Llama-3.1-8B-Instruct,1,case_8718622581c8fa60,0,True,,42,2
300,1473,train,validation,Mistral-7B-Instruct-v0.1,2,case_4a3a418349a758d1,1,True,,42,0
300,1473,train,validation,Mistral-7B-Instruct-v0.3,3,case_665ae1a6a4ff5d01,1,True,,42,0
2022,1474,train,validation,Llama-2-7b-chat-hf,0,case_372e24aac1a09b2a,1,True,,42,0
2022,1474,train,validation,Llama-3.1-8B-Instruct,1,case_3fbe05c9dc3ab7a9,1,True,,42,0
2022,1474,train,validation,Mistral-7B-Instruct-v0.1,2,case_c8ae80642b87f87b,1,True,,42,0
2022,1474,train,validation,Mistral-7B-Instruct-v0.3,3,case_72c33ed988681f90,1,True,,42,0
2022,1475,train,validation,Llama-2-7b-chat-hf,0,case_99852e64d3918bfc,0,True,,42,1
2022,1475,train,validation,Llama-3.1-8B-Instruct,1,case_921e735b2f92a701,1,True,,42,0
2022,1475,train,validation,Mistral-7B-Instruct-v0.1,2,case_cddcb7d5bc5b12a6,0,True,,42,1
2022,1475,train,validation,Mistral-7B-Instruct-v0.3,3,case_dc70f2a58ee75599,0,True,,42,1
1772,1478,train,validation,Llama-2-7b-chat-hf,0,case_00a49e68514d4a4f,1,True,,42,0
1772,1478,train,validation,Llama-3.1-8B-Instruct,1,case_e5434bce8e992898,1,True,,42,0
1772,1478,train,validation,Mistral-7B-Instruct-v0.1,2,case_ab057a9ffffb7255,0,True,,42,1
1772,1478,train,validation,Mistral-7B-Instruct-v0.3,3,case_5090f8ac9661e3cf,1,True,,42,0
1772,1479,train,validation,Llama-2-7b-chat-hf,0,case_10d661bd5babbbca,0,True,,42,1
1772,1479,train,validation,Llama-3.1-8B-Instruct,1,case_390e90be5d26d4a7,1,True,,42,0
1772,1479,train,validation,Mistral-7B-Instruct-v0.1,2,case_25e164ebdb30c191,1,True,,42,0
1772,1479,train,validation,Mistral-7B-Instruct-v0.3,3,case_8645e15f1c37bc9a,0,True,,42,1
1213,1490,train,validation,Llama-2-7b-chat-hf,0,case_96be89dbdfe9e7c8,0,True,,42,1
1213,1490,train,validation,Llama-3.1-8B-Instruct,1,case_d70e2ec9ecc2196c,1,True,,42,0
1213,1490,train,validation,Mistral-7B-Instruct-v0.1,2,case_fa5c9f3f018112b2,1,True,,42,0
1213,1490,train,validation,Mistral-7B-Instruct-v0.3,3,case_d0be7e1eae1fe3ea,1,True,,42,0
1213,1491,train,validation,Llama-2-7b-chat-hf,0,case_23fcd9de0babea10,1,True,,42,0
1213,1491,train,validation,Llama-3.1-8B-Instruct,1,case_775eae657f8a9fe2,1,True,,42,0
1213,1491,train,validation,Mistral-7B-Instruct-v0.1,2,case_0df09f994454d127,1,True,,42,0
1213,1491,train,validation,Mistral-7B-Instruct-v0.3,3,case_2693ea5361bd1dbf,1,True,,42,0
282,1494,train,validation,Llama-2-7b-chat-hf,0,case_a3ddaafd9c94e026,0,True,,42,1
282,1494,train,validation,Llama-3.1-8B-Instruct,1,case_c85bd97fe4e92f43,1,True,,42,0
282,1494,train,validation,Mistral-7B-Instruct-v0.1,2,case_390fd0d3d2ca5f7d,1,True,,42,0
282,1494,train,validation,Mistral-7B-Instruct-v0.3,3,case_7b562c06e47978df,0,True,,42,1
282,1495,train,validation,Llama-2-7b-chat-hf,0,case_28342ea509265920,0,True,,42,1
282,1495,train,validation,Llama-3.1-8B-Instruct,1,case_bcbc3d082be75351,1,True,,42,0
282,1495,train,validation,Mistral-7B-Instruct-v0.1,2,case_bc7e90d7a448c629,0,True,,42,1
282,1495,train,validation,Mistral-7B-Instruct-v0.3,3,case_f07e9491a7def000,0,True,,42,1
710,1504,train,validation,Llama-2-7b-chat-hf,0,case_463a416264a7d59a,1,True,,42,0
710,1504,train,validation,Llama-3.1-8B-Instruct,1,case_0d3da28324b8645a,0,True,,42,1
710,1504,train,validation,Mistral-7B-Instruct-v0.1,2,case_d3dbee60ea09ba5c,1,True,,42,0
710,1504,train,validation,Mistral-7B-Instruct-v0.3,3,case_996d276cdf50992c,1,True,,42,0
710,1505,train,validation,Llama-2-7b-chat-hf,0,case_8d078036513288ab,1,True,,42,0
710,1505,train,validation,Llama-3.1-8B-Instruct,1,case_1d623fcd3abb386b,1,True,,42,0
710,1505,train,validation,Mistral-7B-Instruct-v0.1,2,case_98f3e1f9cb3988eb,1,True,,42,0
710,1505,train,validation,Mistral-7B-Instruct-v0.3,3,case_8e8562bc3f1fbe90,1,True,,42,0
773,1510,train,validation,Llama-2-7b-chat-hf,0,case_c6d47cfca4de6d21,1,True,,42,0
773,1510,train,validation,Llama-3.1-8B-Instruct,1,case_f1e02b519e2e9032,1,True,,42,0
773,1510,train,validation,Mistral-7B-Instruct-v0.1,2,case_62eff32d5d926c64,1,True,,42,0
773,1510,train,validation,Mistral-7B-Instruct-v0.3,3,case_cdceaa183f697e25,1,True,,42,0
773,1511,train,validation,Llama-2-7b-chat-hf,0,case_d914f339aa39b651,0,True,,42,1
773,1511,train,validation,Llama-3.1-8B-Instruct,1,case_56ed06f613352f3d,1,True,,42,0
773,1511,train,validation,Mistral-7B-Instruct-v0.1,2,case_ed6c0f4dcbb3b690,1,True,,42,0
773,1511,train,validation,Mistral-7B-Instruct-v0.3,3,case_85439807325f3c28,1,True,,42,0
855,1534,train,validation,Llama-2-7b-chat-hf,0,case_0b6b3b6152da6173,1,True,,42,0
855,1534,train,validation,Llama-3.1-8B-Instruct,1,case_b819d886874a217a,1,True,,42,0
855,1534,train,validation,Mistral-7B-Instruct-v0.1,2,case_286918fde0112521,1,True,,42,0
855,1534,train,validation,Mistral-7B-Instruct-v0.3,3,case_0f2bb556f655809c,1,True,,42,0
855,1535,train,validation,Llama-2-7b-chat-hf,0,case_dc8e5b92d1532b18,0,True,,42,1
855,1535,train,validation,Llama-3.1-8B-Instruct,1,case_c05913ba54179740,1,True,,42,0
855,1535,train,validation,Mistral-7B-Instruct-v0.1,2,case_5eacc067c70e95d9,1,True,,42,0
855,1535,train,validation,Mistral-7B-Instruct-v0.3,3,case_f063e107aa56f647,1,True,,42,0
407,1540,train,validation,Llama-2-7b-chat-hf,0,case_8c03568799ed5176,1,True,,42,0
407,1540,train,validation,Llama-3.1-8B-Instruct,1,case_699c894e5f75fbc4,1,True,,42,0
407,1540,train,validation,Mistral-7B-Instruct-v0.1,2,case_798ce821c546bd05,1,True,,42,0
407,1540,train,validation,Mistral-7B-Instruct-v0.3,3,case_27d89c3230aef6c7,1,True,,42,0
407,1541,train,validation,Llama-2-7b-chat-hf,0,case_31217f24b3db0057,0,True,,42,2
407,1541,train,validation,Llama-3.1-8B-Instruct,1,case_1feceed604d3d3f9,1,True,,42,0
407,1541,train,validation,Mistral-7B-Instruct-v0.1,2,case_724996d5fd4aa789,0,True,,42,1
407,1541,train,validation,Mistral-7B-Instruct-v0.3,3,case_2fb237ed4efc0562,1,True,,42,0
1250,1544,train,validation,Llama-2-7b-chat-hf,0,case_ea790a68a4f81a09,1,True,,42,0
1250,1544,train,validation,Llama-3.1-8B-Instruct,1,case_6759ed4c36896cd0,1,True,,42,0
1250,1544,train,validation,Mistral-7B-Instruct-v0.1,2,case_e18c6962f260dff2,1,True,,42,0
1250,1544,train,validation,Mistral-7B-Instruct-v0.3,3,case_683c307a2720fbaf,1,True,,42,0
2191,1545,train,validation,Llama-2-7b-chat-hf,0,case_d739eb47563af00c,1,True,,42,0
2191,1545,train,validation,Llama-3.1-8B-Instruct,1,case_1b05f2a117108417,1,True,,42,0
2191,1545,train,validation,Mistral-7B-Instruct-v0.1,2,case_8082d9b588b3e9a7,1,True,,42,0
2191,1545,train,validation,Mistral-7B-Instruct-v0.3,3,case_148cc35a487ce229,1,True,,42,0
2191,1546,train,validation,Llama-2-7b-chat-hf,0,case_5aed375062b024e6,0,True,,42,1
2191,1546,train,validation,Llama-3.1-8B-Instruct,1,case_8bf07597b810db79,1,True,,42,0
2191,1546,train,validation,Mistral-7B-Instruct-v0.1,2,case_c8bf13b3fea50b77,0,True,,42,1
2191,1546,train,validation,Mistral-7B-Instruct-v0.3,3,case_7a2e1c01676fbb7b,0,True,,42,3
2037,1557,train,validation,Llama-2-7b-chat-hf,0,case_bcb3a38c3239aca0,0,True,,42,1
2037,1557,train,validation,Llama-3.1-8B-Instruct,1,case_cb6e91aa45aa4c82,1,True,,42,0
2037,1557,train,validation,Mistral-7B-Instruct-v0.1,2,case_47b19fc15a049ae8,0,True,,42,1
2037,1557,train,validation,Mistral-7B-Instruct-v0.3,3,case_e84f11d658e3fb38,1,True,,42,0
2037,1558,train,validation,Llama-2-7b-chat-hf,0,case_cbd2e382269dd9e5,1,True,,42,0
2037,1558,train,validation,Llama-3.1-8B-Instruct,1,case_69b64ea68eda1e2e,1,True,,42,0
2037,1558,train,validation,Mistral-7B-Instruct-v0.1,2,case_786cde3399f6525e,0,True,,42,2
2037,1558,train,validation,Mistral-7B-Instruct-v0.3,3,case_fd4acddf84346f47,0,True,,42,1
1226,1559,train,validation,Llama-2-7b-chat-hf,0,case_d2d4556dba068d29,1,True,,42,0
1226,1559,train,validation,Llama-3.1-8B-Instruct,1,case_891bb3dd6c913907,1,True,,42,0
1226,1559,train,validation,Mistral-7B-Instruct-v0.1,2,case_33c813aa71902198,1,True,,42,0
1226,1559,train,validation,Mistral-7B-Instruct-v0.3,3,case_f6a8ecd4f90bc8b0,1,True,,42,0
1226,1560,train,validation,Llama-2-7b-chat-hf,0,case_fa6831f7a826144c,1,True,,42,0
1226,1560,train,validation,Llama-3.1-8B-Instruct,1,case_a8c6a218732fb36a,0,True,,42,1
1226,1560,train,validation,Mistral-7B-Instruct-v0.1,2,case_0a5253a05c25ae90,1,True,,42,0
1226,1560,train,validation,Mistral-7B-Instruct-v0.3,3,case_6ab3a1900d68ed7a,1,True,,42,0
1107,1567,train,validation,Llama-2-7b-chat-hf,0,case_34371c05510c72e2,1,True,,42,0
1107,1567,train,validation,Llama-3.1-8B-Instruct,1,case_d49abfe8be21c6f2,1,True,,42,0
1107,1567,train,validation,Mistral-7B-Instruct-v0.1,2,case_ed968d76095ec1cc,1,True,,42,0
1107,1567,train,validation,Mistral-7B-Instruct-v0.3,3,case_34611b65ab47efb5,1,True,,42,0
1107,1568,train,validation,Llama-2-7b-chat-hf,0,case_dac2ae6f6cfe5f70,0,True,,42,1
1107,1568,train,validation,Llama-3.1-8B-Instruct,1,case_208a0e113bf991f7,1,True,,42,0
1107,1568,train,validation,Mistral-7B-Instruct-v0.1,2,case_c0e4a6f60fd6602a,0,True,,42,1
1107,1568,train,validation,Mistral-7B-Instruct-v0.3,3,case_f0353b1de9e6f942,1,True,,42,0
2228,1586,train,validation,Llama-2-7b-chat-hf,0,case_d58bace7e1757dd2,0,True,,42,1
2228,1586,train,validation,Llama-3.1-8B-Instruct,1,case_3442ede856e5deb7,1,True,,42,0
2228,1586,train,validation,Mistral-7B-Instruct-v0.1,2,case_f08a4b8156943da2,0,True,,42,1
2228,1586,train,validation,Mistral-7B-Instruct-v0.3,3,case_2dbd96968682bc55,0,True,,42,1
926,1599,train,validation,Llama-2-7b-chat-hf,0,case_eda9a10f29953598,0,True,,42,4
926,1599,train,validation,Llama-3.1-8B-Instruct,1,case_2b576f49a2d639fd,1,True,,42,0
926,1599,train,validation,Mistral-7B-Instruct-v0.1,2,case_a94fcd8daa270068,1,True,,42,0
926,1599,train,validation,Mistral-7B-Instruct-v0.3,3,case_5dcf7a7158c794bd,1,True,,42,0
2298,1640,train,validation,Llama-2-7b-chat-hf,0,case_58c32a3f11a41e7c,1,True,,42,0
2298,1640,train,validation,Llama-3.1-8B-Instruct,1,case_5dc21ecbc33fe351,1,True,,42,0
2298,1640,train,validation,Mistral-7B-Instruct-v0.1,2,case_1ebb594d5b9829ae,1,True,,42,0
2298,1640,train,validation,Mistral-7B-Instruct-v0.3,3,case_e653a25db555881d,1,True,,42,0
2298,1641,train,validation,Llama-2-7b-chat-hf,0,case_113f99905bcfc092,1,True,,42,0
2298,1641,train,validation,Llama-3.1-8B-Instruct,1,case_4df35ac959ef26d4,1,True,,42,0
2298,1641,train,validation,Mistral-7B-Instruct-v0.1,2,case_d9dd673f348541bf,0,True,,42,2
2298,1641,train,validation,Mistral-7B-Instruct-v0.3,3,case_2610542b94063564,1,True,,42,0
2062,1644,train,validation,Llama-2-7b-chat-hf,0,case_fac634b2058f9357,1,True,,42,0
2062,1644,train,validation,Llama-3.1-8B-Instruct,1,case_17577d7204dd671a,1,True,,42,0
2062,1644,train,validation,Mistral-7B-Instruct-v0.1,2,case_2eb877daa9c6368e,1,True,,42,0
2062,1644,train,validation,Mistral-7B-Instruct-v0.3,3,case_cac09acd9253608a,1,True,,42,0
2062,1645,train,validation,Llama-2-7b-chat-hf,0,case_e93cc6e58b786c7b,0,True,,42,1
2062,1645,train,validation,Llama-3.1-8B-Instruct,1,case_8b23f0232a61bb97,1,True,,42,0
2062,1645,train,validation,Mistral-7B-Instruct-v0.1,2,case_685d2b20a419ea04,1,True,,42,0
2062,1645,train,validation,Mistral-7B-Instruct-v0.3,3,case_84d451458b8ee68c,0,True,,42,1
808,1646,train,validation,Llama-2-7b-chat-hf,0,case_fbe0b9839cf074cb,0,True,,42,1
808,1646,train,validation,Llama-3.1-8B-Instruct,1,case_4ac6970cb5d22318,1,True,,42,0
808,1646,train,validation,Mistral-7B-Instruct-v0.1,2,case_b1c65f4f40648781,1,True,,42,0
808,1646,train,validation,Mistral-7B-Instruct-v0.3,3,case_b9721887724acebc,1,True,,42,0
808,1647,train,validation,Llama-2-7b-chat-hf,0,case_a558008e9d0f161b,0,True,,42,2
808,1647,train,validation,Llama-3.1-8B-Instruct,1,case_fe76b322121f764a,0,True,,42,1
808,1647,train,validation,Mistral-7B-Instruct-v0.1,2,case_4f0503e2362f38d8,1,True,,42,0
808,1647,train,validation,Mistral-7B-Instruct-v0.3,3,case_a2b69daa2e8ada37,1,True,,42,0
183,1648,train,validation,Llama-2-7b-chat-hf,0,case_c1dadcbd5fc99795,1,True,,42,0
183,1648,train,validation,Llama-3.1-8B-Instruct,1,case_9ceef133a84ce73c,1,True,,42,0
183,1648,train,validation,Mistral-7B-Instruct-v0.1,2,case_e585807d51f65951,0,True,,42,1
183,1648,train,validation,Mistral-7B-Instruct-v0.3,3,case_2ce354ce82873fb3,0,True,,42,1
183,1649,train,validation,Llama-2-7b-chat-hf,0,case_5b214f8d1fb3ca87,0,True,,42,1
183,1649,train,validation,Llama-3.1-8B-Instruct,1,case_2cc5d89f4c96d5b5,1,True,,42,0
183,1649,train,validation,Mistral-7B-Instruct-v0.1,2,case_4902c83decb5baba,1,True,,42,0
183,1649,train,validation,Mistral-7B-Instruct-v0.3,3,case_8dd4c133e327aad9,1,True,,42,0
1159,1650,train,validation,Llama-2-7b-chat-hf,0,case_1626a6ae70366eaa,1,True,,42,0
1159,1650,train,validation,Llama-3.1-8B-Instruct,1,case_10d61cd76052b052,1,True,,42,0
1159,1650,train,validation,Mistral-7B-Instruct-v0.1,2,case_7c64c3680ad5fb8f,0,True,,42,1
1159,1650,train,validation,Mistral-7B-Instruct-v0.3,3,case_54d59478f8b4a50a,0,True,,42,2
1159,1651,train,validation,Llama-2-7b-chat-hf,0,case_5f7f7ab89965b42f,1,True,,42,0
1159,1651,train,validation,Llama-3.1-8B-Instruct,1,case_944992a117eaeea5,1,True,,42,0
1159,1651,train,validation,Mistral-7B-Instruct-v0.1,2,case_c0c4bd781d6cc749,1,True,,42,0
1159,1651,train,validation,Mistral-7B-Instruct-v0.3,3,case_424a64a11ee18345,1,True,,42,0
439,1654,train,validation,Llama-2-7b-chat-hf,0,case_1d3e35c0ee78ca11,1,True,,42,0
439,1654,train,validation,Llama-3.1-8B-Instruct,1,case_366357e8c44ee7c0,1,True,,42,0
439,1654,train,validation,Mistral-7B-Instruct-v0.1,2,case_32cc3a8523bb6f6a,1,True,,42,0
439,1654,train,validation,Mistral-7B-Instruct-v0.3,3,case_e98a8ddd457ac846,1,True,,42,0
439,1655,train,validation,Llama-2-7b-chat-hf,0,case_e10794eba13b208d,1,True,,42,0
439,1655,train,validation,Llama-3.1-8B-Instruct,1,case_0c5556ee7e134e15,1,True,,42,0
439,1655,train,validation,Mistral-7B-Instruct-v0.1,2,case_ed3798b70aded627,1,True,,42,0
439,1655,train,validation,Mistral-7B-Instruct-v0.3,3,case_1928038edf12dbec,1,True,,42,0
641,1672,train,validation,Llama-2-7b-chat-hf,0,case_f4a1f78032c93302,0,True,,42,6
641,1672,train,validation,Llama-3.1-8B-Instruct,1,case_20885f7e75c526af,1,True,,42,0
641,1672,train,validation,Mistral-7B-Instruct-v0.1,2,case_479d64433fb5188a,1,True,,42,0
641,1672,train,validation,Mistral-7B-Instruct-v0.3,3,case_980c83cc64117bc8,1,True,,42,0
641,1673,train,validation,Llama-2-7b-chat-hf,0,case_a8a5e540ac28968a,0,True,,42,2
641,1673,train,validation,Llama-3.1-8B-Instruct,1,case_1ad89b0683fd2249,1,True,,42,0
641,1673,train,validation,Mistral-7B-Instruct-v0.1,2,case_22276f039c92df01,1,True,,42,0
641,1673,train,validation,Mistral-7B-Instruct-v0.3,3,case_0722da42bd65f03f,1,True,,42,0
434,1721,train,validation,Llama-2-7b-chat-hf,0,case_d0e84f1b09524d26,1,True,,42,0
434,1721,train,validation,Llama-3.1-8B-Instruct,1,case_e0489b9bf9dedb1d,1,True,,42,0
434,1721,train,validation,Mistral-7B-Instruct-v0.1,2,case_8498e37aa551ed9b,1,True,,42,0
434,1721,train,validation,Mistral-7B-Instruct-v0.3,3,case_4e9fa80011cc456a,1,True,,42,0
434,1722,train,validation,Llama-2-7b-chat-hf,0,case_f73df4d2e61ca7ea,0,True,,42,1
434,1722,train,validation,Llama-3.1-8B-Instruct,1,case_76a1a3efefce8cac,1,True,,42,0
434,1722,train,validation,Mistral-7B-Instruct-v0.1,2,case_04d06203b701be37,1,True,,42,0
434,1722,train,validation,Mistral-7B-Instruct-v0.3,3,case_7e726e75f534ba50,1,True,,42,0
93,1731,train,validation,Llama-2-7b-chat-hf,0,case_daeaef41caebb5d2,0,True,,42,2
93,1731,train,validation,Llama-3.1-8B-Instruct,1,case_041a9bfcdd558474,1,True,,42,0
93,1731,train,validation,Mistral-7B-Instruct-v0.1,2,case_1dd899e0deb213db,0,True,,42,1
93,1731,train,validation,Mistral-7B-Instruct-v0.3,3,case_f3b7c26835fa4633,0,True,,42,2
93,1732,train,validation,Llama-2-7b-chat-hf,0,case_8a5880567c346683,0,True,,42,1
93,1732,train,validation,Llama-3.1-8B-Instruct,1,case_bb306303d44c667d,1,True,,42,0
93,1732,train,validation,Mistral-7B-Instruct-v0.1,2,case_6efc942b9706a92c,0,True,,42,1
93,1732,train,validation,Mistral-7B-Instruct-v0.3,3,case_f60fccb69bae1027,1,True,,42,0
486,1741,train,validation,Llama-2-7b-chat-hf,0,case_d80bc750b944b471,0,True,,42,3
486,1741,train,validation,Llama-3.1-8B-Instruct,1,case_7e76fa936a9a0ce6,1,True,,42,0
486,1741,train,validation,Mistral-7B-Instruct-v0.1,2,case_83d56c72b28d17a1,0,True,,42,4
486,1741,train,validation,Mistral-7B-Instruct-v0.3,3,case_01654d39974a239a,0,True,,42,1
486,1742,train,validation,Llama-2-7b-chat-hf,0,case_7889728f1a364912,0,True,,42,4
486,1742,train,validation,Llama-3.1-8B-Instruct,1,case_8af8d85650f0c79d,1,True,,42,0
486,1742,train,validation,Mistral-7B-Instruct-v0.1,2,case_c33d099beb2627de,0,True,,42,1
486,1742,train,validation,Mistral-7B-Instruct-v0.3,3,case_9360509ec629712f,0,True,,42,3
1534,1757,train,validation,Llama-2-7b-chat-hf,0,case_945af2259f6f492a,1,True,,42,0
1534,1757,train,validation,Llama-3.1-8B-Instruct,1,case_24de9d11c5fde8c9,1,True,,42,0
1534,1757,train,validation,Mistral-7B-Instruct-v0.1,2,case_b8a16f50e7d297ad,0,True,,42,2
1534,1757,train,validation,Mistral-7B-Instruct-v0.3,3,case_4c876b5d15b5e2eb,0,True,,42,1
1534,1758,train,validation,Llama-2-7b-chat-hf,0,case_1897b8acd229af21,0,True,,42,2
1534,1758,train,validation,Llama-3.1-8B-Instruct,1,case_580310604f2a8caa,1,True,,42,0
1534,1758,train,validation,Mistral-7B-Instruct-v0.1,2,case_3614315f3346f3c8,0,True,,42,1
1534,1758,train,validation,Mistral-7B-Instruct-v0.3,3,case_284b73d91de35fff,1,True,,42,0
1397,1761,train,validation,Llama-2-7b-chat-hf,0,case_9e9ffeb273646314,1,True,,42,0
1397,1761,train,validation,Llama-3.1-8B-Instruct,1,case_ba9069ba18f3873c,1,True,,42,0
1397,1761,train,validation,Mistral-7B-Instruct-v0.1,2,case_cb4358a05d774177,1,True,,42,0
1397,1761,train,validation,Mistral-7B-Instruct-v0.3,3,case_fa5990aefaad675d,1,True,,42,0
1397,1762,train,validation,Llama-2-7b-chat-hf,0,case_6ee9913ff12ec69b,0,True,,42,1
1397,1762,train,validation,Llama-3.1-8B-Instruct,1,case_267010933203653d,1,True,,42,0
1397,1762,train,validation,Mistral-7B-Instruct-v0.1,2,case_e28da3ca5fbe1f45,1,True,,42,0
1397,1762,train,validation,Mistral-7B-Instruct-v0.3,3,case_a50ebfec5ec1ba74,1,True,,42,0
1096,1810,train,validation,Llama-2-7b-chat-hf,0,case_3a39ccee90df04ae,1,True,,42,0
1096,1810,train,validation,Llama-3.1-8B-Instruct,1,case_a24c2802f44f38ec,1,True,,42,0
1096,1810,train,validation,Mistral-7B-Instruct-v0.1,2,case_022998bac13d4f5f,1,True,,42,0
1096,1810,train,validation,Mistral-7B-Instruct-v0.3,3,case_1a46848ef7b2b34b,0,True,,42,1
1096,1811,train,validation,Llama-2-7b-chat-hf,0,case_6cf12c290e1e0c1b,0,True,,42,1
1096,1811,train,validation,Llama-3.1-8B-Instruct,1,case_2fd302417397299e,1,True,,42,0
1096,1811,train,validation,Mistral-7B-Instruct-v0.1,2,case_9dc4dbb4b7fd4cfd,1,True,,42,0
1096,1811,train,validation,Mistral-7B-Instruct-v0.3,3,case_e9f79c271ff8d083,1,True,,42,0
1007,1832,train,validation,Llama-2-7b-chat-hf,0,case_ca77b155917c21b5,0,True,,42,3
1007,1832,train,validation,Llama-3.1-8B-Instruct,1,case_9251dacd5d9765ff,1,True,,42,0
1007,1832,train,validation,Mistral-7B-Instruct-v0.1,2,case_baa71a1673a44f97,0,True,,42,2
1007,1832,train,validation,Mistral-7B-Instruct-v0.3,3,case_47f82a0e60343f82,1,True,,42,0
1007,1833,train,validation,Llama-2-7b-chat-hf,0,case_22e5883416a138d0,0,True,,42,2
1007,1833,train,validation,Llama-3.1-8B-Instruct,1,case_c5295ad0680f0500,1,True,,42,0
1007,1833,train,validation,Mistral-7B-Instruct-v0.1,2,case_bc8502c8322cfd72,0,True,,42,3
1007,1833,train,validation,Mistral-7B-Instruct-v0.3,3,case_86ab250b672990c2,1,True,,42,0
